{"type":"FeatureCollection","name":"timberview-blooming-heights","features":[{"type":"Feature","id":"63222010080","properties":{"id":"63222010080","pin":"63222010080","acres":0.351,"address":"2009 Crabapple Dr","number":"2009","street":"Crabapple Dr"},"geometry":{"type":"Polygon","coordinates":[[[-93.71460172232621,41.486394771408335],[-93.71457598350277,41.48662307701007],[-93.71540089866252,41.48662454320861],[-93.715272053842,41.48643751706859],[-93.71460172232621,41.486394771408335]]]}},{"type":"Feature","id":"63222010150","properties":{"id":"63222010150","pin":"63222010150","acres":0.422,"address":"2319 Autumn Blaze Dr","number":"2319","street":"Autumn Blaze Dr"},"geometry":{"type":"Polygon","coordinates":[[[-93.71576305144475,41.48617517544299],[-93.71529132778969,41.48646541329789],[-93.71540089866252,41.48662454320861],[-93.71585642271015,41.48662534997091],[-93.7159133191915,41.48623653639551],[-93.71578727291896,41.486194210279734],[-93.71576305144475,41.48617517544299]]]}},{"type":"Feature","id":"63222020020","properties":{"id":"63222020020","pin":"63222020020","acres":0.213,"address":"1621 Silver Maple Drive","number":"1621","street":"Silver Maple Drive"},"geometry":{"type":"Polygon","coordinates":[[[-93.71660275745249,41.4833654739428],[-93.71658609088148,41.483531126850636],[-93.7170771056789,41.4835888034605],[-93.7170780046743,41.483367555341296],[-93.71660275745249,41.4833654739428]]]}},{"type":"Feature","id":"63222020150","properties":{"id":"63222020150","pin":"63222020150","acres":0.204,"address":"1829 Silver Maple Drive","number":"1829","street":"Silver Maple Drive"},"geometry":{"type":"Polygon","coordinates":[[[-93.71456828482326,41.48487238741543],[-93.71438384188552,41.48496808269258],[-93.71462438192813,41.48526717588541],[-93.71485500187683,41.4851477042705],[-93.71456828482326,41.48487238741543]]]}},{"type":"Feature","id":"63222020160","properties":{"id":"63222020160","pin":"63222020160","acres":0.198,"address":"1833 Silver Maple Drive","number":"1833","street":"Silver Maple Drive"},"geometry":{"type":"Polygon","coordinates":[[[-93.71438384188552,41.48496808269258],[-93.71418540465342,41.48504643167038],[-93.71437036359052,41.48535500171729],[-93.71462438192813,41.48526717588541],[-93.71438384188552,41.48496808269258]]]}},{"type":"Feature","id":"63222020190","properties":{"id":"63222020190","pin":"63222020190","acres":0.185,"address":"1849 Silver Maple Dr","number":"1849","street":"Silver Maple Dr"},"geometry":{"type":"Polygon","coordinates":[[[-93.71374436580093,41.48516018156737],[-93.71351814542349,41.48521284656094],[-93.71365259105194,41.485540464925826],[-93.71387921568697,41.485487706184436],[-93.71374436580093,41.48516018156737]]]}},{"type":"Feature","id":"63222020270","properties":{"id":"63222020270","pin":"63222020270","acres":0.159,"address":"1838 Silver Maple Dr","number":"1838","street":"Silver Maple Dr"},"geometry":{"type":"Polygon","coordinates":[[[-93.71380252366838,41.48461494368935],[-93.7136141140182,41.48465880755944],[-93.71374902981565,41.48498649792465],[-93.71394927831872,41.484939392021076],[-93.71380252366838,41.48461494368935]]]}},{"type":"Feature","id":"63222020320","properties":{"id":"63222020320","pin":"63222020320","acres":0.167,"address":"1818 Silver Maple Drive","number":"1818","street":"Silver Maple Drive"},"geometry":{"type":"Polygon","coordinates":[[[-93.71460364277141,41.484171717516034],[-93.71441923560018,41.48428354933857],[-93.71472292427106,41.48453956778258],[-93.71487209099737,41.484449101427295],[-93.71460364277141,41.484171717516034]]]}},{"type":"Feature","id":"63223000030","properties":{"id":"63223000030","pin":"63223000030","acres":0.41,"address":"1817 Redbud St","number":"1817","street":"Redbud St"},"geometry":{"type":"Polygon","coordinates":[[[-93.71338490217362,41.48839820667918],[-93.71338053483849,41.48889150352749],[-93.71361525349262,41.48889271271364],[-93.71374503169581,41.48889335991341],[-93.71374939617601,41.488400030636534],[-93.71338490217362,41.48839820667918]]]}},{"type":"Feature","id":"63223000050","properties":{"id":"63223000050","pin":"63223000050","acres":0.367,"address":"2116 Crabapple Dr","number":"2116","street":"Crabapple Dr"},"geometry":{"type":"Polygon","coordinates":[[[-93.71429138089428,41.4886975737169],[-93.71386549612966,41.48885019150329],[-93.71424044986523,41.48917975103063],[-93.7145000736742,41.48897559021825],[-93.7144895699434,41.488920331710034],[-93.71437576187768,41.48880942843628],[-93.71429138089428,41.4886975737169]]]}},{"type":"Feature","id":"63223000320","properties":{"id":"63223000320","pin":"63223000320","acres":0.417,"address":"2025 Crabapple Dr","number":"2025","street":"Crabapple Dr"},"geometry":{"type":"Polygon","coordinates":[[[-93.71454611062732,41.48689329965821],[-93.71451591775514,41.48716643574836],[-93.71517782476681,41.48720780552533],[-93.7152153784908,41.486935140895135],[-93.71454611062732,41.48689329965821]]]}},{"type":"Feature","id":"63223020050","properties":{"id":"63223020050","pin":"63223020050","acres":1.125,"address":"2100 Redbud St","number":"2100","street":"Redbud St"},"geometry":{"type":"Polygon","coordinates":[[[-93.71676998074139,41.48662696331537],[-93.71690428107095,41.48753868581168],[-93.7173354901821,41.487533936207384],[-93.71742973579335,41.486628074317494],[-93.71706224397545,41.48662747777099],[-93.71676998074139,41.48662696331537]]]}},{"type":"Feature","id":"63223020070","properties":{"id":"63223020070","pin":"63223020070","acres":1.119,"address":"Redbud St","number":"","street":"Redbud St"},"geometry":{"type":"Polygon","coordinates":[[[-93.71816480447164,41.486629264648016],[-93.71779147860946,41.48759640551784],[-93.71811675767387,41.48768755589248],[-93.71876501879412,41.486630233594965],[-93.71816480447164,41.486629264648016]]]}},{"type":"Feature","id":"63223020270","properties":{"id":"63223020270","pin":"63223020270","acres":0.441,"address":"2503 Blooming Heights Dr","number":"2503","street":"Blooming Heights Dr"},"geometry":{"type":"Polygon","coordinates":[[[-93.71914347668105,41.487804420241275],[-93.71887278170631,41.4880109896437],[-93.71884826697301,41.488051512838936],[-93.718861989037,41.48809481984104],[-93.71910619791123,41.488339229076985],[-93.7195427944987,41.48814884740413],[-93.71914347668105,41.487804420241275]]]}},{"type":"Feature","id":"63223030310","properties":{"id":"63223030310","pin":"63223030310","acres":0.325,"address":"2328 Green Leaf Cir","number":"2328","street":"Green Leaf Cir"},"geometry":{"type":"Polygon","coordinates":[[[-93.7218224017504,41.489121174458],[-93.72182216575797,41.48961052256931],[-93.72211416791528,41.489610607890235],[-93.72211439913886,41.48912226195639],[-93.7218224017504,41.489121174458]]]}},{"type":"Feature","id":"63223030370","properties":{"id":"63223030370","pin":"63223030370","acres":0.342,"address":"2234 Green Leaf Circle","number":"2234","street":"Green Leaf Circle"},"geometry":{"type":"Polygon","coordinates":[[[-93.72090287534327,41.48862223824791],[-93.7209026281422,41.48911774983879],[-93.72120557806066,41.48911887904445],[-93.72120582302647,41.48862232295983],[-93.72090287534327,41.48862223824791]]]}},{"type":"Feature","id":"63223040020","properties":{"id":"63223040020","pin":"63223040020","acres":0.247,"address":"1933 Bluebell Drive","number":"1933","street":"Bluebell Drive"},"geometry":{"type":"Polygon","coordinates":[[[-93.71982477558613,41.48619292640635],[-93.71982415318838,41.48641248557765],[-93.72031783169942,41.48641327609145],[-93.72031845483491,41.48619371691297],[-93.71982477558613,41.48619292640635]]]}},{"type":"Feature","id":"63223044000","properties":{"id":"63223044000","pin":"63223044000","acres":0.969,"address":"2633 Bluebell Dr","number":"2633","street":"Bluebell Dr"},"geometry":{"type":"Polygon","coordinates":[[[-93.72182573134528,41.48602166253502],[-93.72134789162907,41.48641491856503],[-93.72031783169942,41.48641327609145],[-93.72031721057864,41.48663272360072],[-93.72182718960627,41.48663523681793],[-93.72182575997965,41.4860336363419],[-93.72182573134528,41.48602166253502]]]}},{"type":"Feature","id":"63233010140","properties":{"id":"63233010140","pin":"63233010140","acres":0.266,"address":"1812 Serenity Cir","number":"1812","street":"Serenity Cir"},"geometry":{"type":"Polygon","coordinates":[[[-93.72419385381157,41.48540337039287],[-93.72378601047835,41.48569650681644],[-93.72395974962852,41.485835777101336],[-93.72439327009138,41.48557481921478],[-93.72419385381157,41.48540337039287]]]}},{"type":"Feature","id":"63233010150","properties":{"id":"63233010150","pin":"63233010150","acres":0.265,"address":"1904 Serenity Cir","number":"1904","street":"Serenity Cir"},"geometry":{"type":"Polygon","coordinates":[[[-93.72439327009138,41.48557481921478],[-93.72395974962852,41.485835777101336],[-93.72410792587087,41.485990998169584],[-93.72457012464031,41.48575973774082],[-93.72439327009138,41.48557481921478]]]}},{"type":"Feature","id":"63233010280","properties":{"id":"63233010280","pin":"63233010280","acres":0.337,"address":"2120 Serenity Cir","number":"2120","street":"Serenity Cir"},"geometry":{"type":"Polygon","coordinates":[[[-93.7264341449939,41.48828087497979],[-93.72582908061881,41.48859644395281],[-93.72607377089544,41.48878911443572],[-93.72650075312863,41.488492807352664],[-93.72644554180795,41.488423448529694],[-93.72643998261194,41.48830123297536],[-93.7264341449939,41.48828087497979]]]}},{"type":"Feature","id":"63233010380","properties":{"id":"63233010380","pin":"63233010380","acres":0.409,"address":"2013 Serenity Cir","number":"2013","street":"Serenity Cir"},"geometry":{"type":"Polygon","coordinates":[[[-93.72671441333104,41.48685705581895],[-93.72578557354133,41.48712233344356],[-93.72590037424312,41.4873296925289],[-93.72669640303168,41.4870455880273],[-93.7266544824864,41.48698044153643],[-93.72671441333104,41.48685705581895]]]}},{"type":"Feature","id":"63233010490","properties":{"id":"63233010490","pin":"63233010490","acres":0.571,"address":"1811 Serenity Cir","number":"1811","street":"Serenity Cir"},"geometry":{"type":"Polygon","coordinates":[[[-93.72504557955283,41.48462990457476],[-93.72426162486548,41.48522054709136],[-93.72444560387068,41.485366326699946],[-93.72528103659182,41.48480604593189],[-93.72504557955283,41.48462990457476]]]}},{"type":"Feature","id":"63233010590","properties":{"id":"63233010590","pin":"63233010590","acres":0.336,"address":"1705 Timberview Dr","number":"1705","street":"Timberview Dr"},"geometry":{"type":"Polygon","coordinates":[[[-93.72312184856776,41.48391328216151],[-93.722626359411,41.48392873641839],[-93.72258907192669,41.483972726468124],[-93.72258868493941,41.48419468948432],[-93.72312320941067,41.48419321845939],[-93.72312184856776,41.48391328216151]]]}},{"type":"Feature","id":"63233020200","properties":{"id":"63233020200","pin":"63233020200","acres":0.344,"address":"3112 Partlow St","number":"3112","street":"Partlow St"},"geometry":{"type":"Polygon","coordinates":[[[-93.72700470237756,41.48319701333929],[-93.72700728922067,41.4837377882122],[-93.7272870823488,41.48373707039862],[-93.72727805400467,41.48319814505437],[-93.72700470237756,41.48319701333929]]]}},{"type":"Feature","id":"63233020230","properties":{"id":"63233020230","pin":"63233020230","acres":0.339,"address":"3100 Partlow St","number":"3100","street":"Partlow St"},"geometry":{"type":"Polygon","coordinates":[[[-93.726184649951,41.48319361521375],[-93.72618699398242,41.48373988947119],[-93.72646057740549,41.483739189400914],[-93.72645799077002,41.48319474798751],[-93.726184649951,41.48319361521375]]]}},{"type":"Feature","id":"63233020240","properties":{"id":"63233020240","pin":"63233020240","acres":0.341,"address":"3012 Partlow St","number":"3012","street":"Partlow St"},"geometry":{"type":"Polygon","coordinates":[[[-93.7259112684269,41.48319248097323],[-93.7259138655638,41.4837405871053],[-93.72618699398242,41.48373988947119],[-93.726184649951,41.48319361521375],[-93.7259112684269,41.48319248097323]]]}},{"type":"Feature","id":"63233030070","properties":{"id":"63233030070","pin":"63233030070","acres":0.238,"address":"1917 Timberview Dr","number":"1917","street":"Timberview Dr"},"geometry":{"type":"Polygon","coordinates":[[[-93.72426399143778,41.48619225512498],[-93.7237888106639,41.48638927911368],[-93.72391218973534,41.486557513611245],[-93.72438736297138,41.48636048733986],[-93.7242647255541,41.486192277112806],[-93.72426399143778,41.48619225512498]]]}},{"type":"Feature","id":"63233030100","properties":{"id":"63233030100","pin":"63233030100","acres":0.362,"address":"2951 Blooming Heights Dr","number":"2951","street":"Blooming Heights Dr"},"geometry":{"type":"Polygon","coordinates":[[[-93.72478894183402,41.486905411565075],[-93.72439217264532,41.48706993149862],[-93.72435361122287,41.48710088278709],[-93.72435041312205,41.487153350484654],[-93.72449454364748,41.48735294822636],[-93.72498397624575,41.48717036802134],[-93.72478921614571,41.486905786509524],[-93.72478894183402,41.486905411565075]]]}},{"type":"Feature","id":"63233030120","properties":{"id":"63233030120","pin":"63233030120","acres":0.318,"address":"2813 Blooming Heights Dr","number":"2813","street":"Blooming Heights Dr"},"geometry":{"type":"Polygon","coordinates":[[[-93.72358316648842,41.4873537939866],[-93.72330424931602,41.487415340168],[-93.72343741013671,41.48781282976717],[-93.72354695076662,41.48779162561776],[-93.72354683925553,41.48783327591004],[-93.72378111936865,41.48780849434079],[-93.72371412413011,41.48765460435563],[-93.72358316648842,41.4873537939866]]]}},{"type":"Feature","id":"63233030140","properties":{"id":"63233030140","pin":"63233030140","acres":0.311,"address":"2805 Blooming Heights Dr","number":"2805","street":"Blooming Heights Dr"},"geometry":{"type":"Polygon","coordinates":[[[-93.72302668336391,41.487459616511195],[-93.72272782631859,41.4874892661529],[-93.72277899142466,41.487910549605],[-93.72312079884361,41.487868784619984],[-93.72302668336391,41.487459616511195]]]}},{"type":"Feature","id":"63233030170","properties":{"id":"63233030170","pin":"63233030170","acres":0.288,"address":"2715 Blooming Heights Dr","number":"2715","street":"Blooming Heights Dr"},"geometry":{"type":"Polygon","coordinates":[[[-93.72212635677926,41.48750186346175],[-93.72182924961706,41.4875028432778],[-93.72183025720243,41.48792738200085],[-93.7221288607396,41.487926396611435],[-93.72212635677926,41.48750186346175]]]}},{"type":"Feature","id":"63233040010","properties":{"id":"63233040010","pin":"63233040010","acres":0.297,"address":"2101 Timberview Dr","number":"2101","street":"Timberview Dr"},"geometry":{"type":"Polygon","coordinates":[[[-93.72498397624575,41.48717036802134],[-93.72449454364748,41.48735294822636],[-93.72459445908417,41.487544129815795],[-93.72511558871248,41.48742795243038],[-93.72498987519829,41.487178430664386],[-93.72498397624575,41.48717036802134]]]}},{"type":"Feature","id":"63233040120","properties":{"id":"63233040120","pin":"63233040120","acres":1.221,"address":"3016 Hillside Cir","number":"3016","street":"Hillside Cir"},"geometry":{"type":"Polygon","coordinates":[[[-93.72663926769982,41.48923438379627],[-93.72586716983096,41.48950192176928],[-93.72588879506644,41.48957937732717],[-93.72586230006652,41.489654655068506],[-93.72691766265167,41.49009061317954],[-93.72691924454725,41.48945483257868],[-93.72669050658537,41.489274727795596],[-93.72663926769982,41.48923438379627]]]}},{"type":"Feature","id":"63233040230","properties":{"id":"63233040230","pin":"63233040230","acres":0.429,"address":"2208 Timberview Dr","number":"2208","street":"Timberview Dr"},"geometry":{"type":"Polygon","coordinates":[[[-93.72354460269625,41.4886595311842],[-93.72354400832984,41.48887909020352],[-93.72440175357418,41.488881700224674],[-93.72440234386366,41.48866214120339],[-93.72354460269625,41.4886595311842]]]}},{"type":"Feature","id":"63222010190","properties":{"id":"63222010190","pin":"63222010190","acres":0.309,"address":"2310 Autumn Blaze Drive","number":"2310","street":"Autumn Blaze Drive"},"geometry":{"type":"Polygon","coordinates":[[[-93.71650053518927,41.48562219586191],[-93.71594186471843,41.48574996063927],[-93.715995782115,41.485877566445645],[-93.71607642219666,41.48593271278214],[-93.71670258639064,41.485812715875504],[-93.71650053518927,41.48562219586191]]]}},{"type":"Feature","id":"63222010210","properties":{"id":"63222010210","pin":"63222010210","acres":0.291,"address":"2302 Autumn Blaze Dr","number":"2302","street":"Autumn Blaze Dr"},"geometry":{"type":"Polygon","coordinates":[[[-93.71627056094331,41.485153587971425],[-93.71580013028962,41.48536026877052],[-93.71580029102626,41.4855008096224],[-93.71584769490096,41.48557104442653],[-93.71637871208104,41.485373963025154],[-93.71627056094331,41.485153587971425]]]}},{"type":"Feature","id":"63222020100","properties":{"id":"63222020100","pin":"63222020100","acres":0.192,"address":"1805 Silver Maple Dr","number":"1805","street":"Silver Maple Dr"},"geometry":{"type":"Polygon","coordinates":[[[-93.71563223432409,41.484364942261706],[-93.7153927524367,41.48442175601015],[-93.71557071654968,41.48476854049004],[-93.71577161995617,41.4846980470443],[-93.71563223432409,41.484364942261706]]]}},{"type":"Feature","id":"63222020180","properties":{"id":"63222020180","pin":"63222020180","acres":0.19,"address":"1841 Silver Maple Drive","number":"1841","street":"Silver Maple Drive"},"geometry":{"type":"Polygon","coordinates":[[[-93.71397591751115,41.485106269083126],[-93.71374436580093,41.48516018156737],[-93.71387921568697,41.485487706184436],[-93.71411197576151,41.48543351747078],[-93.71397591751115,41.485106269083126]]]}},{"type":"Feature","id":"63223000040","properties":{"id":"63223000040","pin":"63223000040","acres":0.444,"address":"2108 Crabapple Dr","number":"2108","street":"Crabapple Dr"},"geometry":{"type":"Polygon","coordinates":[[[-93.7140954877786,41.488396948673895],[-93.71374939617601,41.488400030636534],[-93.71374503169581,41.48889335991341],[-93.71429138085298,41.48869756111097],[-93.71418073817475,41.48843333731564],[-93.71411025159206,41.48839727701674],[-93.7140954877786,41.488396948673895]]]}},{"type":"Feature","id":"63223000150","properties":{"id":"63223000150","pin":"63223000150","acres":0.804,"address":"2216 Crabapple Dr","number":"2216","street":"Crabapple Dr"},"geometry":{"type":"Polygon","coordinates":[[[-93.71504876105764,41.489331155074005],[-93.71471750065079,41.489643590196145],[-93.71463035919166,41.490266022775316],[-93.71486678623194,41.49026630062478],[-93.71535176036447,41.489474321722156],[-93.71506761063007,41.48934265897576],[-93.71504876105764,41.489331155074005]]]}},{"type":"Feature","id":"63223000190","properties":{"id":"63223000190","pin":"63223000190","acres":1.572,"address":"2252 Crabapple Dr","number":"2252","street":"Crabapple Dr"},"geometry":{"type":"Polygon","coordinates":[[[-93.71723585519787,41.48920401031175],[-93.71638338429932,41.48943180912805],[-93.71638725089008,41.48953237484433],[-93.71633433051827,41.489603069825506],[-93.71728951045343,41.490276929531575],[-93.71761907071935,41.49027827477493],[-93.7172788333984,41.48955567786429],[-93.71723585519787,41.48920401031175]]]}},{"type":"Feature","id":"63223000340","properties":{"id":"63223000340","pin":"63223000340","acres":0.483,"address":"2016 Crabapple Dr","number":"2016","street":"Crabapple Dr"},"geometry":{"type":"Polygon","coordinates":[[[-93.71350435580207,41.486621163722575],[-93.71350510011037,41.4868491788688],[-93.71432581607846,41.48690105099431],[-93.71435567754583,41.486622684078434],[-93.71350435580207,41.486621163722575]]]}},{"type":"Feature","id":"63223000370","properties":{"id":"63223000370","pin":"63223000370","acres":0.448,"address":"2040 Crabapple Dr","number":"2040","street":"Crabapple Dr"},"geometry":{"type":"Polygon","coordinates":[[[-93.71350721263093,41.48740021993949],[-93.71350749141867,41.48758173344028],[-93.71366460973117,41.487684839165084],[-93.71423523512937,41.48772045810582],[-93.71426542823194,41.48744732213069],[-93.71350721263093,41.48740021993949]]]}},{"type":"Feature","id":"63223006000","properties":{"id":"63223006000","pin":"63223006000","acres":0.96,"address":"Crabapple Dr","number":"","street":"Crabapple Dr"},"geometry":{"type":"Polygon","coordinates":[[[-93.71717074124633,41.48867119895087],[-93.7172788333984,41.48955567786429],[-93.71761907191686,41.49027827477268],[-93.71762060364208,41.48890708247592],[-93.71717074124633,41.48867119895087]]]}},{"type":"Feature","id":"63223020090","properties":{"id":"63223020090","pin":"63223020090","acres":0.517,"address":"2506 Blooming Heights Dr","number":"2506","street":"Blooming Heights Dr"},"geometry":{"type":"Polygon","coordinates":[[[-93.71854229292569,41.4869943868718],[-93.71835654992196,41.48729757681088],[-93.71892098910777,41.48773374122695],[-93.71912775236373,41.48760279438042],[-93.71869069468754,41.487147420950244],[-93.71854229292569,41.4869943868718]]]}},{"type":"Feature","id":"63223020130","properties":{"id":"63223020130","pin":"63223020130","acres":0.337,"address":"2009 Bluebell Dr","number":"2009","street":"Bluebell Dr"},"geometry":{"type":"Polygon","coordinates":[[[-93.71981498194907,41.48692310642716],[-93.71981825102132,41.4871048141804],[-93.7198539575265,41.48726484196641],[-93.71987851042434,41.48731715863912],[-93.71994053437847,41.48733443874895],[-93.72019864473023,41.48731490191604],[-93.72020023854957,41.48692399897668],[-93.71981498194907,41.48692310642716]]]}},{"type":"Feature","id":"63223020170","properties":{"id":"63223020170","pin":"63223020170","acres":0.259,"address":"2706 Blooming Heights Dr","number":"2706","street":"Blooming Heights Dr"},"geometry":{"type":"Polygon","coordinates":[[[-93.72107620659455,41.48692602264593],[-93.72107461400522,41.487315740644895],[-93.7213666043081,41.48731641403288],[-93.72136819635509,41.48692669602766],[-93.72107620659455,41.48692602264593]]]}},{"type":"Feature","id":"63223020180","properties":{"id":"63223020180","pin":"63223020180","acres":0.259,"address":"2710 Blooming Heights Dr","number":"2710","street":"Blooming Heights Dr"},"geometry":{"type":"Polygon","coordinates":[[[-93.72136819635509,41.48692669602766],[-93.7213666043081,41.48731641403288],[-93.72165859222204,41.48731708668843],[-93.72166018492415,41.486927368674685],[-93.72136819635509,41.48692669602766]]]}},{"type":"Feature","id":"63223030120","properties":{"id":"63223030120","pin":"63223030120","acres":1.005,"address":"Green Leaf Cir","number":"","street":"Green Leaf Cir"},"geometry":{"type":"Polygon","coordinates":[[[-93.72354695076662,41.48779162561776],[-93.7231910194619,41.48785824654417],[-93.72253373103878,41.48855026418223],[-93.72270612524169,41.48868699334081],[-93.72354561400215,41.488285876169456],[-93.72354684063826,41.48783262940191],[-93.72354695076662,41.48779162561776]]]}},{"type":"Feature","id":"63223030210","properties":{"id":"63223030210","pin":"63223030210","acres":0.432,"address":"2337 Green Leaf Cir","number":"2337","street":"Green Leaf Cir"},"geometry":{"type":"Polygon","coordinates":[[[-93.72143043220088,41.489775378193755],[-93.72143017790526,41.49029378925936],[-93.72179531869945,41.49029526879692],[-93.7217954361279,41.489775489341774],[-93.72143043220088,41.489775378193755]]]}},{"type":"Feature","id":"63223030260","properties":{"id":"63223030260","pin":"63223030260","acres":0.384,"address":"2358 Green Leaf Cir","number":"2358","street":"Green Leaf Cir"},"geometry":{"type":"Polygon","coordinates":[[[-93.72032518749201,41.48911558701999],[-93.72025112620253,41.48913583094016],[-93.72039008052373,41.48962980684168],[-93.72065415724566,41.48961020633005],[-93.72065441349109,41.489116817091755],[-93.72032518749201,41.48911558701999]]]}},{"type":"Feature","id":"63223030300","properties":{"id":"63223030300","pin":"63223030300","acres":0.326,"address":"2334 Green Leaf Cir","number":"2334","street":"Green Leaf Cir"},"geometry":{"type":"Polygon","coordinates":[[[-93.7215304043716,41.48912008622258],[-93.72153016365934,41.48961045361927],[-93.72182216575797,41.48961052256931],[-93.7218224017504,41.489121174458],[-93.7215304043716,41.48912008622258]]]}},{"type":"Feature","id":"63223030330","properties":{"id":"63223030330","pin":"63223030330","acres":0.47,"address":"2260 Green Leaf Cir","number":"2260","street":"Green Leaf Cir"},"geometry":{"type":"Polygon","coordinates":[[[-93.72211466009331,41.48862257234679],[-93.72211439913886,41.48912226195639],[-93.72258889341978,41.489124027797295],[-93.72258492917943,41.488901854636175],[-93.7225071662902,41.48875916979818],[-93.72235154816968,41.48865874025715],[-93.72215218981273,41.488622583120474],[-93.72211466009331,41.48862257234679]]]}},{"type":"Feature","id":"63223030340","properties":{"id":"63223030340","pin":"63223030340","acres":0.344,"address":"2252 Green Leaf Cir","number":"2252","street":"Green Leaf Cir"},"geometry":{"type":"Polygon","coordinates":[[[-93.72181171959578,41.488622490901605],[-93.72181147792907,41.48912113507566],[-93.72211439913886,41.48912226195639],[-93.72211466009331,41.48862257234679],[-93.72181171959578,41.488622490901605]]]}},{"type":"Feature","id":"63223030360","properties":{"id":"63223030360","pin":"63223030360","acres":0.343,"address":"2240 Green Leaf Cir","number":"2240","street":"Green Leaf Cir"},"geometry":{"type":"Polygon","coordinates":[[[-93.72120582302647,41.48862232295983],[-93.72120557806066,41.48911887904445],[-93.72150852798966,41.489120007456755],[-93.72150877071046,41.48862240687831],[-93.72120582302647,41.48862232295983]]]}},{"type":"Feature","id":"63223030410","properties":{"id":"63223030410","pin":"63223030410","acres":0.507,"address":"2206 Green Leaf Cir","number":"2206","street":"Green Leaf Cir"},"geometry":{"type":"Polygon","coordinates":[[[-93.71989972437763,41.488681480467875],[-93.71951794363092,41.48879448407308],[-93.71947676240265,41.488827594304425],[-93.7194681306941,41.488864323710665],[-93.7197395872759,41.48927566458295],[-93.72008793588662,41.489180436135165],[-93.71989972437763,41.488681480467875]]]}},{"type":"Feature","id":"63223030460","properties":{"id":"63223030460","pin":"63223030460","acres":0.659,"address":"2311 Redbud St","number":"2311","street":"Redbud St"},"geometry":{"type":"Polygon","coordinates":[[[-93.71985948176562,41.48982482831981],[-93.71910246894494,41.49010905106987],[-93.71919680257683,41.49028471360603],[-93.7200438652523,41.49028816048395],[-93.72003270330977,41.49016578608129],[-93.71999782412779,41.490053302924515],[-93.7198595070406,41.48982486608963],[-93.71985948176562,41.48982482831981]]]}},{"type":"Feature","id":"63223040070","properties":{"id":"63223040070","pin":"63223040070","acres":0.411,"address":"2641 Bluebell Ct","number":"2641","street":"Bluebell Ct"},"geometry":{"type":"Polygon","coordinates":[[[-93.72125998352283,41.485858069885516],[-93.72119140532637,41.48592280568769],[-93.72112673254466,41.48594948289019],[-93.72134789162907,41.48641491856503],[-93.72179620948798,41.48604536882619],[-93.72125998352283,41.485858069885516]]]}},{"type":"Feature","id":"63223040090","properties":{"id":"63223040090","pin":"63223040090","acres":0.567,"address":"2640 Bluebell Dr","number":"2640","street":"Bluebell Dr"},"geometry":{"type":"Polygon","coordinates":[[[-93.72139258669309,41.485204278973136],[-93.72114341557923,41.48562368864823],[-93.72120516869413,41.485654026578466],[-93.72126692407173,41.485722537123685],[-93.72182464960827,41.485565708784634],[-93.72182379348845,41.485205229413936],[-93.72139258669309,41.485204278973136]]]}},{"type":"Feature","id":"63223040100","properties":{"id":"63223040100","pin":"63223040100","acres":0.345,"address":"2632 Bluebell Dr","number":"2632","street":"Bluebell Dr"},"geometry":{"type":"Polygon","coordinates":[[[-93.72090503762018,41.48520320312638],[-93.720903801549,41.48564594399182],[-93.72103754264407,41.48560858826575],[-93.72114341557923,41.48562368864823],[-93.72139258669309,41.485204278973136],[-93.7212215828272,41.48520390200163],[-93.72090503762018,41.48520320312638]]]}},{"type":"Feature","id":"63223040110","properties":{"id":"63223040110","pin":"63223040110","acres":0.313,"address":"2624 Bluebell Dr","number":"2624","street":"Bluebell Dr"},"geometry":{"type":"Polygon","coordinates":[[[-93.72062400511355,41.4852025815269],[-93.72062261739951,41.48570104012394],[-93.72080887142755,41.485694492512636],[-93.720903801549,41.48564594399182],[-93.72090503762018,41.48520320312638],[-93.72062400511355,41.4852025815269]]]}},{"type":"Feature","id":"63223040130","properties":{"id":"63223040130","pin":"63223040130","acres":0.319,"address":"2608 Bluebell Dr","number":"2608","street":"Bluebell Dr"},"geometry":{"type":"Polygon","coordinates":[[[-93.72006194011624,41.485201336279566],[-93.72006054689032,41.48570014153627],[-93.72034158214454,41.485700591621715],[-93.72034297261219,41.48520195924456],[-93.72006194011624,41.485201336279566]]]}},{"type":"Feature","id":"63223040190","properties":{"id":"63223040190","pin":"63223040190","acres":0.246,"address":"1932 Bluebell Drive","number":"1932","street":"Bluebell Drive"},"geometry":{"type":"Polygon","coordinates":[[[-93.71909477669914,41.48620737922535],[-93.71909417456095,41.486418703956815],[-93.71960514811717,41.48641952238106],[-93.71960574740397,41.48620819674885],[-93.71909477669914,41.48620737922535]]]}},{"type":"Feature","id":"63233010070","properties":{"id":"63233010070","pin":"63233010070","acres":0.237,"address":"1804 Timberview Dr","number":"1804","street":"Timberview Dr"},"geometry":{"type":"Polygon","coordinates":[[[-93.72232720293009,41.48449688554763],[-93.72182211737248,41.48449915094374],[-93.7218226058924,41.48470498921369],[-93.72232820074312,41.48470272193934],[-93.72232720293009,41.48449688554763]]]}},{"type":"Feature","id":"63233010090","properties":{"id":"63233010090","pin":"63233010090","acres":0.271,"address":"1812 Timberview Dr","number":"1812","street":"Timberview Dr"},"geometry":{"type":"Polygon","coordinates":[[[-93.7223394959419,41.484900296027725],[-93.72182316804134,41.48494171734656],[-93.72182375114612,41.485187094916384],[-93.72238129711542,41.48509399995883],[-93.72235676797972,41.48499759077764],[-93.7223394959419,41.484900296027725]]]}},{"type":"Feature","id":"63233010170","properties":{"id":"63233010170","pin":"63233010170","acres":0.26,"address":"1912 Serenity Cir","number":"1912","street":"Serenity Cir"},"geometry":{"type":"Polygon","coordinates":[[[-93.72472508327242,41.48595362805215],[-93.72423838168048,41.48615635167067],[-93.72437056329666,41.48633660101647],[-93.72485604136114,41.486134381669096],[-93.72472508327242,41.48595362805215]]]}},{"type":"Feature","id":"63233010190","properties":{"id":"63233010190","pin":"63233010190","acres":0.349,"address":"1920 Serenity Cir","number":"1920","street":"Serenity Cir"},"geometry":{"type":"Polygon","coordinates":[[[-93.7249870001736,41.4863151351292],[-93.72450274683574,41.48651684929997],[-93.72468251738236,41.486761987826455],[-93.72509841565623,41.48658766634074],[-93.72513034931849,41.48655000511914],[-93.72512145133655,41.48650070881987],[-93.7249870001736,41.4863151351292]]]}},{"type":"Feature","id":"63233010230","properties":{"id":"63233010230","pin":"63233010230","acres":0.281,"address":"2016 Serenity Cir","number":"2016","street":"Serenity Cir"},"geometry":{"type":"Polygon","coordinates":[[[-93.72569254196914,41.48740139029596],[-93.72518777468078,41.487573196434106],[-93.72529623743583,41.487791405950574],[-93.7258140693904,41.48757934463881],[-93.72569254196914,41.48740139029596]]]}},{"type":"Feature","id":"63233010240","properties":{"id":"63233010240","pin":"63233010240","acres":0.306,"address":"2104 Serenity Cir","number":"2104","street":"Serenity Cir"},"geometry":{"type":"Polygon","coordinates":[[[-93.7258140693904,41.48757934463881],[-93.72529623743583,41.487791405950574],[-93.72540709090694,41.48801442256922],[-93.72595193859361,41.48775043450002],[-93.7258140693904,41.48757934463881]]]}},{"type":"Feature","id":"63233010340","properties":{"id":"63233010340","pin":"63233010340","acres":0.39,"address":"2111 Serenity Cir","number":"2111","street":"Serenity Cir"},"geometry":{"type":"Polygon","coordinates":[[[-93.72701660632353,41.487543194376414],[-93.72635944035817,41.48789089477117],[-93.72652754397708,41.488070419383924],[-93.72714548748404,41.48774347694869],[-93.72701660632353,41.487543194376414]]]}},{"type":"Feature","id":"63233010400","properties":{"id":"63233010400","pin":"63233010400","acres":0.91,"address":"2001 Serenity Cir","number":"2001","street":"Serenity Cir"},"geometry":{"type":"Polygon","coordinates":[[[-93.7265276807982,41.486023331118574],[-93.72615665788385,41.48650947305264],[-93.72555752042314,41.48675905590396],[-93.7256824298569,41.486937219019154],[-93.72688626931296,41.48650323423793],[-93.7265276807982,41.486023331118574]]]}},{"type":"Feature","id":"63233010500","properties":{"id":"63233010500","pin":"63233010500","acres":0.733,"address":"4459 G14 Hwy","number":"4459","street":"G14 Hwy"},"geometry":{"type":"Polygon","coordinates":[[[-93.72504548201036,41.484503411092284],[-93.72450641531974,41.4845044586021],[-93.72407500622498,41.48510829065891],[-93.72426162486548,41.48522054709136],[-93.72504557955283,41.48462990457476],[-93.72504548201036,41.484503411092284]]]}},{"type":"Feature","id":"63233020130","properties":{"id":"63233020130","pin":"63233020130","acres":0.284,"address":"1708 Peaceful Cir","number":"1708","street":"Peaceful Cir"},"geometry":{"type":"Polygon","coordinates":[[[-93.72655374264805,41.484414191662964],[-93.72599345410362,41.484415746884046],[-93.7259106290642,41.48469159666858],[-93.72644891903185,41.48461966438805],[-93.7264553825773,41.48454006756253],[-93.72654318761774,41.48443501128148],[-93.72655374264805,41.484414191662964]]]}},{"type":"Feature","id":"63233020220","properties":{"id":"63233020220","pin":"63233020220","acres":0.338,"address":"3104 Partlow St","number":"3104","street":"Partlow St"},"geometry":{"type":"Polygon","coordinates":[[[-93.72645799077002,41.48319474798751],[-93.72646057740549,41.483739189400914],[-93.72673393331601,41.48373848912954],[-93.72673137111563,41.48319588093827],[-93.72645799077002,41.48319474798751]]]}},{"type":"Feature","id":"63233020290","properties":{"id":"63233020290","pin":"63233020290","acres":0.336,"address":"2912 Partlow St","number":"2912","street":"Partlow St"},"geometry":{"type":"Polygon","coordinates":[[[-93.72444341496256,41.4831863810026],[-93.72444629100536,41.483744326462705],[-93.7247110999089,41.48374365295834],[-93.72470855579938,41.48318748429742],[-93.72444341496256,41.4831863810026]]]}},{"type":"Feature","id":"63233020310","properties":{"id":"63233020310","pin":"63233020310","acres":0.338,"address":"2904 Partlow St","number":"2904","street":"Partlow St"},"geometry":{"type":"Polygon","coordinates":[[[-93.72391377992075,41.48318417493978],[-93.72391614871904,41.483745672668114],[-93.72418154675617,41.483744999235626],[-93.72417854594616,41.483185277473694],[-93.72391377992075,41.48318417493978]]]}},{"type":"Feature","id":"63233030040","properties":{"id":"63233030040","pin":"63233030040","acres":0.253,"address":"1905 Timberview Dr","number":"1905","street":"Timberview Dr"},"geometry":{"type":"Polygon","coordinates":[[[-93.7237365880977,41.48565796244183],[-93.72335557216562,41.48594400409967],[-93.72352016443588,41.48608068686408],[-93.72394541885566,41.48582082896319],[-93.72378601047835,41.48569650681644],[-93.7237365880977,41.48565796244183]]]}},{"type":"Feature","id":"63233030180","properties":{"id":"63233030180","pin":"63233030180","acres":0.291,"address":"2714 Blooming Heights Dr","number":"2714","street":"Blooming Heights Dr"},"geometry":{"type":"Polygon","coordinates":[[[-93.72210687433781,41.48688104848623],[-93.7218277736383,41.48688158493624],[-93.72182885756877,41.48733817242517],[-93.72210955511667,41.48733724212571],[-93.72210687433781,41.48688104848623]]]}},{"type":"Feature","id":"63233030200","properties":{"id":"63233030200","pin":"63233030200","acres":0.313,"address":"2800 Blooming Heights Dr","number":"2800","street":"Blooming Heights Dr"},"geometry":{"type":"Polygon","coordinates":[[[-93.72263674347433,41.486774750337865],[-93.72239886450656,41.48688048658266],[-93.72240153632772,41.48733626423999],[-93.72270251485898,41.487325638245665],[-93.72263674347433,41.486774750337865]]]}},{"type":"Feature","id":"63233030220","properties":{"id":"63233030220","pin":"63233030220","acres":0.336,"address":"2808 Blooming Heights Dr","number":"2808","street":"Blooming Heights Dr"},"geometry":{"type":"Polygon","coordinates":[[[-93.72285605196582,41.4866772684628],[-93.72300119327653,41.48729579361867],[-93.72329540588449,41.48724696416491],[-93.72313761572735,41.4868005035891],[-93.72285605196582,41.4866772684628]]]}},{"type":"Feature","id":"63233040020","properties":{"id":"63233040020","pin":"63233040020","acres":0.313,"address":"2105 Timberview Drive","number":"2105","street":"Timberview Drive"},"geometry":{"type":"Polygon","coordinates":[[[-93.72511558871248,41.48742795243038],[-93.72459445908417,41.487544129815795],[-93.72464915349407,41.487744436708574],[-93.72524730199868,41.48769295238214],[-93.72518777468078,41.487573196434106],[-93.72511558871248,41.48742795243038]]]}},{"type":"Feature","id":"63233040220","properties":{"id":"63233040220","pin":"63233040220","acres":0.429,"address":"2212 Timberview Dr","number":"2212","street":"Timberview Dr"},"geometry":{"type":"Polygon","coordinates":[[[-93.72354400832984,41.48887909020352],[-93.72354341395945,41.48909864921023],[-93.72440116208318,41.48910125923561],[-93.72440175357418,41.488881700224674],[-93.72354400832984,41.48887909020352]]]}},{"type":"Feature","id":"63233050010","properties":{"id":"63233050010","pin":"63233050010","acres":0.845,"address":"2211 Timberview Dr","number":"2211","street":"Timberview Dr"},"geometry":{"type":"Polygon","coordinates":[[[-93.72465740803939,41.488833279788004],[-93.72465637821149,41.48921608132519],[-93.72467775982065,41.48926036232401],[-93.724731656519,41.489283782138834],[-93.72504014361712,41.489297848564355],[-93.72532204986821,41.48934987023789],[-93.72555959739563,41.488836016407035],[-93.72513372781631,41.48883472549718],[-93.72465740803939,41.488833279788004]]]}},{"type":"Feature","id":"63222010010","properties":{"id":"63222010010","pin":"63222010010","acres":0.396,"address":"2005 Autumn Blaze Dr","number":"2005","street":"Autumn Blaze Dr"},"geometry":{"type":"Polygon","coordinates":[[[-93.71251855312771,41.48618446191445],[-93.71250494524872,41.48661937078807],[-93.71291676871652,41.4866201109231],[-93.71290858854681,41.48618630820393],[-93.71284081062606,41.486186459044994],[-93.71251855312771,41.48618446191445]]]}},{"type":"Feature","id":"63222010180","properties":{"id":"63222010180","pin":"63222010180","acres":0.551,"address":"2314 Autumn Blaze Dr","number":"2314","street":"Autumn Blaze Dr"},"geometry":{"type":"Polygon","coordinates":[[[-93.71670258639064,41.485812715875504],[-93.71607642219666,41.48593271278214],[-93.7161473456553,41.486002525342336],[-93.71616250590726,41.486089634801665],[-93.71706443436699,41.48617976677018],[-93.71706556119749,41.48594957084344],[-93.71699041406876,41.48592002299725],[-93.71670258639064,41.485812715875504]]]}},{"type":"Feature","id":"63222020200","properties":{"id":"63222020200","pin":"63222020200","acres":0.279,"address":"1853 Silver Maple Drive","number":"1853","street":"Silver Maple Drive"},"geometry":{"type":"Polygon","coordinates":[[[-93.71351814542349,41.48521284656094],[-93.71337642830363,41.48526561278692],[-93.71323822167919,41.48539545871132],[-93.71320158744734,41.48550355390785],[-93.71321168298208,41.48564310937937],[-93.71365259105194,41.485540464925826],[-93.71351814542349,41.48521284656094]]]}},{"type":"Feature","id":"63222020250","properties":{"id":"63222020250","pin":"63222020250","acres":0.169,"address":"1846 Silver Maple Dr","number":"1846","street":"Silver Maple Dr"},"geometry":{"type":"Polygon","coordinates":[[[-93.71342235624701,41.484703448964126],[-93.71319200320818,41.48475707630526],[-93.71337622767732,41.48507637698109],[-93.71355727237625,41.485031140447376],[-93.71342235624701,41.484703448964126]]]}},{"type":"Feature","id":"63222020310","properties":{"id":"63222020310","pin":"63222020310","acres":0.164,"address":"1822 Silver Maple Drive","number":"1822","street":"Silver Maple Drive"},"geometry":{"type":"Polygon","coordinates":[[[-93.71441923560018,41.48428354933857],[-93.71425580408413,41.48439678899691],[-93.71458321900593,41.48464238284065],[-93.71472292427106,41.48453956778258],[-93.71441923560018,41.48428354933857]]]}},{"type":"Feature","id":"63222020370","properties":{"id":"63222020370","pin":"63222020370","acres":0.18,"address":"1728 Silver Maple Dr","number":"1728","street":"Silver Maple Dr"},"geometry":{"type":"Polygon","coordinates":[[[-93.71558138520265,41.483820179330365],[-93.71542643336142,41.48386688948208],[-93.71557063295573,41.48420691255811],[-93.71582468653509,41.484119628744956],[-93.71558138520265,41.483820179330365]]]}},{"type":"Feature","id":"63223000100","properties":{"id":"63223000100","pin":"63223000100","acres":1.108,"address":"1809 Magnolia Cir","number":"1809","street":"Magnolia Cir"},"geometry":{"type":"Polygon","coordinates":[[[-93.7132237484577,41.48961495527756],[-93.71247681272963,41.49009007180578],[-93.71247533166711,41.49025714019631],[-93.71361538424843,41.49026184426613],[-93.71344438937986,41.48967123732507],[-93.71333284394632,41.48966828709314],[-93.71323677969328,41.48962555626934],[-93.7132237484577,41.48961495527756]]]}},{"type":"Feature","id":"63223000130","properties":{"id":"63223000130","pin":"63223000130","acres":0.629,"address":"1825 Magnolia Cir","number":"1825","street":"Magnolia Cir"},"geometry":{"type":"Polygon","coordinates":[[[-93.71436064888236,41.48931860797851],[-93.71407900274419,41.48945783366215],[-93.71463016518992,41.49026602223479],[-93.71471750065079,41.489643590196145],[-93.71436064888236,41.48931860797851]]]}},{"type":"Feature","id":"63223000180","properties":{"id":"63223000180","pin":"63223000180","acres":1.092,"address":"2248 Crabapple Dr","number":"2248","street":"Crabapple Dr"},"geometry":{"type":"Polygon","coordinates":[[[-93.71633433051827,41.489603069825506],[-93.71621602529403,41.48965307458852],[-93.71607825673567,41.48964222976421],[-93.7160829874803,41.49027198785854],[-93.71728951045343,41.490276929531575],[-93.71633433051827,41.489603069825506]]]}},{"type":"Feature","id":"63223000240","properties":{"id":"63223000240","pin":"63223000240","acres":0.564,"address":"2109 Crabapple Dr","number":"2109","street":"Crabapple Dr"},"geometry":{"type":"Polygon","coordinates":[[[-93.71489496092461,41.488300131987735],[-93.71444577195732,41.48837894416426],[-93.71440888073471,41.48843594371848],[-93.71444894877362,41.4885542078016],[-93.71458746758468,41.48874997704764],[-93.71479109403464,41.48891352600233],[-93.71505427826965,41.48870737097845],[-93.71489496092461,41.488300131987735]]]}},{"type":"Feature","id":"63223000270","properties":{"id":"63223000270","pin":"63223000270","acres":0.561,"address":"1913 Redbud St","number":"1913","street":"Redbud St"},"geometry":{"type":"Polygon","coordinates":[[[-93.71587291757353,41.48798728900266],[-93.71555364219711,41.48811276342914],[-93.71591569416523,41.488646717406894],[-93.71633540183547,41.488646788675815],[-93.71587291757353,41.48798728900266]]]}},{"type":"Feature","id":"63223000360","properties":{"id":"63223000360","pin":"63223000360","acres":0.485,"address":"2032 Crabapple Dr","number":"2032","street":"Crabapple Dr"},"geometry":{"type":"Polygon","coordinates":[[[-93.71350569215642,41.48712482497977],[-93.71350721263093,41.48740021993949],[-93.71426542823194,41.48744732213069],[-93.71429561274437,41.48717419965002],[-93.71350569215642,41.48712482497977]]]}},{"type":"Feature","id":"63223020150","properties":{"id":"63223020150","pin":"63223020150","acres":0.259,"address":"2608 Blooming Heights Dr","number":"2608","street":"Blooming Heights Dr"},"geometry":{"type":"Polygon","coordinates":[[[-93.72049222829204,41.48692467456949],[-93.72049063102565,41.487314392562816],[-93.72078262251398,41.48731506742258],[-93.72078421684304,41.48692534942756],[-93.72049222829204,41.48692467456949]]]}},{"type":"Feature","id":"63223020200","properties":{"id":"63223020200","pin":"63223020200","acres":0.319,"address":"2707 Blooming Heights Dr","number":"2707","street":"Blooming Heights Dr"},"geometry":{"type":"Polygon","coordinates":[[[-93.72118907493522,41.48748891676447],[-93.72118737689355,41.48793790630648],[-93.72150106780512,41.48793272652036],[-93.72150296451859,41.48748964427967],[-93.72131579687559,41.487489208343064],[-93.72118907493522,41.48748891676447]]]}},{"type":"Feature","id":"63223020230","properties":{"id":"63223020230","pin":"63223020230","acres":0.333,"address":"2605 Blooming Heights Drive","number":"2605","street":"Blooming Heights Drive"},"geometry":{"type":"Polygon","coordinates":[[[-93.72027601189309,41.48748680610322],[-93.72023966189664,41.48748701758244],[-93.7202509190558,41.487953462388504],[-93.72055974346247,41.48794826740803],[-93.72056127305268,41.48748746372436],[-93.72027601189309,41.48748680610322]]]}},{"type":"Feature","id":"63223020280","properties":{"id":"63223020280","pin":"63223020280","acres":0.557,"address":"2205 Redbud Street","number":"2205","street":"Redbud Street"},"geometry":{"type":"Polygon","coordinates":[[[-93.71904220772718,41.488593575387455],[-93.71822762023211,41.48890120362598],[-93.71842828058476,41.48913255738566],[-93.7192060250374,41.488838815499165],[-93.71904220772718,41.488593575387455]]]}},{"type":"Feature","id":"63223020340","properties":{"id":"63223020340","pin":"63223020340","acres":0.814,"address":"1917 Redbud St","number":"1917","street":"Redbud St"},"geometry":{"type":"Polygon","coordinates":[[[-93.71628217560172,41.487836802755155],[-93.71587888421067,41.48799404546344],[-93.71634953194554,41.48866693897361],[-93.71679417086368,41.48866783085879],[-93.71628217560172,41.487836802755155]]]}},{"type":"Feature","id":"63223025000","properties":{"id":"63223025000","pin":"63223025000","acres":1.489,"address":"2612 Blooming Heights Dr","number":"2612","street":"Blooming Heights Dr"},"geometry":{"type":"Polygon","coordinates":[[[-93.7198235256244,41.48663193399382],[-93.71981498194907,41.48692310642716],[-93.72166018492415,41.486927368674685],[-93.72165859222204,41.48731708668843],[-93.72182885756877,41.48733817242517],[-93.72182718960627,41.48663523681793],[-93.72122496187191,41.48663417055464],[-93.7198235256244,41.48663193399382]]]}},{"type":"Feature","id":"63223030430","properties":{"id":"63223030430","pin":"63223030430","acres":0.505,"address":"2213 Redbud St","number":"2213","street":"Redbud St"},"geometry":{"type":"Polygon","coordinates":[[[-93.71937034858315,41.48908823777991],[-93.7186283351251,41.48936674916962],[-93.71882827381867,41.48959845834381],[-93.71953340057617,41.48933378049456],[-93.71937034858315,41.48908823777991]]]}},{"type":"Feature","id":"63223030440","properties":{"id":"63223030440","pin":"63223030440","acres":0.502,"address":"2303 Redbud St","number":"2303","street":"Redbud St"},"geometry":{"type":"Polygon","coordinates":[[[-93.71953340057617,41.48933378049456],[-93.71882827381867,41.48959845834381],[-93.71896537024793,41.48985375479776],[-93.71969643453652,41.48957929418653],[-93.71953340057617,41.48933378049456]]]}},{"type":"Feature","id":"63223033000","properties":{"id":"63223033000","pin":"63223033000","acres":3.598,"address":"Near pond / open lot","number":"","street":""},"geometry":{"type":"Polygon","coordinates":[[[-93.71822762023211,41.48890120362598],[-93.7176228788961,41.488908519776054],[-93.71761907311436,41.49027827477043],[-93.7191968025738,41.490284712705595],[-93.71882827381867,41.48959845834381],[-93.71842827338168,41.4891325519967],[-93.71822762023211,41.48890120362598]]]}},{"type":"Feature","id":"63223040030","properties":{"id":"63223040030","pin":"63223040030","acres":0.366,"address":"2609 Bluebell Dr","number":"2609","street":"Bluebell Dr"},"geometry":{"type":"Polygon","coordinates":[[[-93.7199169643031,41.48586460363492],[-93.71985237516526,41.48588459610521],[-93.71982666463857,41.48592234489267],[-93.71982477558613,41.48619292640635],[-93.72031845483491,41.48619371691297],[-93.72031939126568,41.48586524883005],[-93.7199169643031,41.48586460363492]]]}},{"type":"Feature","id":"63223040080","properties":{"id":"63223040080","pin":"63223040080","acres":0.396,"address":"2648 Bluebell Dr","number":"2648","street":"Bluebell Dr"},"geometry":{"type":"Polygon","coordinates":[[[-93.72182464960827,41.485565708784634],[-93.72126692407173,41.485722537123685],[-93.72128010815382,41.485804706373855],[-93.72125998352283,41.485858069885516],[-93.72179620948798,41.48604536882619],[-93.72182573134528,41.48602166253502],[-93.72182502447222,41.48572355361822],[-93.72182464960827,41.485565708784634]]]}},{"type":"Feature","id":"63223040120","properties":{"id":"63223040120","pin":"63223040120","acres":0.319,"address":"2616 Bluebell Dr","number":"2616","street":"Bluebell Dr"},"geometry":{"type":"Polygon","coordinates":[[[-93.72034297261219,41.48520195924456],[-93.72034158214454,41.485700591621715],[-93.72062261739951,41.48570104012394],[-93.72062400511355,41.4852025815269],[-93.72034297261219,41.48520195924456]]]}},{"type":"Feature","id":"63223042000","properties":{"id":"63223042000","pin":"63223042000","acres":0.886,"address":"1908 Bluebell Drive","number":"1908","street":"Bluebell Drive"},"geometry":{"type":"Polygon","coordinates":[[[-93.71906247043022,41.485199116623626],[-93.71877204680109,41.48541805284164],[-93.7187795560863,41.486630255625045],[-93.71909355331984,41.48663076165912],[-93.71909477669914,41.48620737922535],[-93.71897865884664,41.48599585589715],[-93.71897926015366,41.48578453024486],[-93.71921250577284,41.4851994500849],[-93.71906247043022,41.485199116623626]]]}},{"type":"Feature","id":"63233010100","properties":{"id":"63233010100","pin":"63233010100","acres":0.311,"address":"1816 Timberview Dr","number":"1816","street":"Timberview Dr"},"geometry":{"type":"Polygon","coordinates":[[[-93.72238129711542,41.48509399995883],[-93.72182375114612,41.485187094916384],[-93.72182436345055,41.4854449649234],[-93.72245098925313,41.485283110285025],[-93.72241260002882,41.48518929308677],[-93.72238129711542,41.48509399995883]]]}},{"type":"Feature","id":"63233010210","properties":{"id":"63233010210","pin":"63233010210","acres":0.255,"address":"2008 Serenity Cir","number":"2008","street":"Serenity Cir"},"geometry":{"type":"Polygon","coordinates":[[[-93.7254705660191,41.48700802293599],[-93.72498987519829,41.487178430664386],[-93.72508056549682,41.48735750555726],[-93.72558795321592,41.48721745097397],[-93.72557339172384,41.48718822994511],[-93.7254705660191,41.48700802293599]]]}},{"type":"Feature","id":"63233010260","properties":{"id":"63233010260","pin":"63233010260","acres":0.38,"address":"2112 Serenity Cir","number":"2112","street":"Serenity Cir"},"geometry":{"type":"Polygon","coordinates":[[[-93.72610583482107,41.48791745895962],[-93.72551270448288,41.48822689900139],[-93.72561106183534,41.488424773775215],[-93.72562517795762,41.48843588810642],[-93.72627393780904,41.488096983039284],[-93.72610583482107,41.48791745895962]]]}},{"type":"Feature","id":"63233010270","properties":{"id":"63233010270","pin":"63233010270","acres":0.384,"address":"2116 Serenity Cir","number":"2116","street":"Serenity Cir"},"geometry":{"type":"Polygon","coordinates":[[[-93.72627393780904,41.488096983039284],[-93.72562517795762,41.48843588810642],[-93.72582908061881,41.48859644395281],[-93.7264341449939,41.48828087497979],[-93.72640865307659,41.488240849643695],[-93.72627393780904,41.488096983039284]]]}},{"type":"Feature","id":"63233010330","properties":{"id":"63233010330","pin":"63233010330","acres":0.358,"address":"2115 Serenity Cir","number":"2115","street":"Serenity Cir"},"geometry":{"type":"Polygon","coordinates":[[[-93.72714548748404,41.48774347694869],[-93.72652754397708,41.488070419383924],[-93.72663171950393,41.488170579454014],[-93.72677276512186,41.488212401530745],[-93.72727436823642,41.487943759369266],[-93.72714548748404,41.48774347694869]]]}},{"type":"Feature","id":"63233010420","properties":{"id":"63233010420","pin":"63233010420","acres":0.6,"address":"1923 Serenity Cir","number":"1923","street":"Serenity Cir"},"geometry":{"type":"Polygon","coordinates":[[[-93.72644905329797,41.48591810012036],[-93.72529559978842,41.48639755015826],[-93.72542655914518,41.48657830311068],[-93.72641911633603,41.48616558134703],[-93.7265276807982,41.486023331118574],[-93.72644905329797,41.48591810012036]]]}},{"type":"Feature","id":"63233010480","properties":{"id":"63233010480","pin":"63233010480","acres":0.598,"address":"1813 Serenity Cir","number":"1813","street":"Serenity Cir"},"geometry":{"type":"Polygon","coordinates":[[[-93.72528103659182,41.48480604593189],[-93.72444560387068,41.485366326699946],[-93.72461397228915,41.48552072818952],[-93.72552979438633,41.484992136693265],[-93.72528103659182,41.48480604593189]]]}},{"type":"Feature","id":"63233010560","properties":{"id":"63233010560","pin":"63233010560","acres":0.254,"address":"1807 Timberview Dr","number":"1807","street":"Timberview Dr"},"geometry":{"type":"Polygon","coordinates":[[[-93.72312590822227,41.48460491421537],[-93.72259068220515,41.4846063613842],[-93.72259125272683,41.48472404417714],[-93.7225965393845,41.484828898525315],[-93.72312824645844,41.48479962865195],[-93.72312590822227,41.48460491421537]]]}},{"type":"Feature","id":"63233020070","properties":{"id":"63233020070","pin":"63233020070","acres":0.45,"address":"2917 Partlow St","number":"2917","street":"Partlow St"},"geometry":{"type":"Polygon","coordinates":[[[-93.72504255893536,41.48390649268548],[-93.72471165550206,41.48390746644612],[-93.72471456125047,41.48450405443244],[-93.72504548201036,41.484503411092284],[-93.72504255893536,41.48390649268548]]]}},{"type":"Feature","id":"63233020090","properties":{"id":"63233020090","pin":"63233020090","acres":0.772,"address":"3005 Partlow St","number":"3005","street":"Partlow St"},"geometry":{"type":"Polygon","coordinates":[[[-93.72568060092154,41.48390461210399],[-93.72536903316663,41.483905531110096],[-93.7253737940165,41.48487543577002],[-93.72568651322689,41.48510937265584],[-93.72568060092154,41.48390461210399]]]}},{"type":"Feature","id":"63233020150","properties":{"id":"63233020150","pin":"63233020150","acres":2.615,"address":"1717 Peaceful Circle","number":"1717","street":"Peaceful Circle"},"geometry":{"type":"Polygon","coordinates":[[[-93.72657059561051,41.484742019151746],[-93.72610086037889,41.48545209945381],[-93.72688626931296,41.48650323423793],[-93.72730430956311,41.48564254283297],[-93.72731388790255,41.48553882194715],[-93.72677197379913,41.48474212607458],[-93.72667636887543,41.4847598330552],[-93.72657144688431,41.48474233623522],[-93.72657059561051,41.484742019151746]]]}},{"type":"Feature","id":"63233020300","properties":{"id":"63233020300","pin":"63233020300","acres":0.337,"address":"2908 Partlow St","number":"2908","street":"Partlow St"},"geometry":{"type":"Polygon","coordinates":[[[-93.72417854594616,41.483185277473694],[-93.72418154675617,41.483744999235626],[-93.72444629100536,41.483744326462705],[-93.72444341496256,41.4831863810026],[-93.72417854594616,41.483185277473694]]]}},{"type":"Feature","id":"63233030110","properties":{"id":"63233030110","pin":"63233030110","acres":0.398,"address":"2901 Blooming Heights Dr","number":"2901","street":"Blooming Heights Dr"},"geometry":{"type":"Polygon","coordinates":[[[-93.72405575404898,41.48721656778805],[-93.72358316648842,41.4873537939866],[-93.72371412413011,41.48765460435563],[-93.72427593574469,41.48745424153286],[-93.7241304157196,41.487251943139675],[-93.72407093403521,41.48721819606862],[-93.72405575404898,41.48721656778805]]]}},{"type":"Feature","id":"63233030190","properties":{"id":"63233030190","pin":"63233030190","acres":0.303,"address":"2718 Blooming Heights Dr","number":"2718","street":"Blooming Heights Dr"},"geometry":{"type":"Polygon","coordinates":[[[-93.72239886450656,41.48688048658266],[-93.72210687433781,41.48688104848623],[-93.72210955511667,41.48733724212571],[-93.72240153632772,41.48733626423999],[-93.72239886450656,41.48688048658266]]]}},{"type":"Feature","id":"63233040050","properties":{"id":"63233040050","pin":"63233040050","acres":0.44,"address":"2117 Timberview Dr","number":"2117","street":"Timberview Dr"},"geometry":{"type":"Polygon","coordinates":[[[-93.72465917632007,41.488174602674036],[-93.72465859279707,41.488392741742544],[-93.72559653610372,41.48839558600392],[-93.72548732123504,41.48817584844295],[-93.72465917632007,41.488174602674036]]]}},{"type":"Feature","id":"63233040070","properties":{"id":"63233040070","pin":"63233040070","acres":0.476,"address":"2207 Timberview Dr","number":"2207","street":"Timberview Dr"},"geometry":{"type":"Polygon","coordinates":[[[-93.72465799747025,41.48861372076265],[-93.72465740803939,41.488833279788004],[-93.72555959739563,41.488836016407035],[-93.72566096050842,41.48861674976515],[-93.72465799747025,41.48861372076265]]]}},{"type":"Feature","id":"63233040171","properties":{"id":"63233040171","pin":"63233040171","acres":0.381,"address":"2317 Timberview Dr","number":"2317","street":"Timberview Dr"},"geometry":{"type":"Polygon","coordinates":[[[-93.724654288828,41.49000302261117],[-93.72465347233275,41.490291056605315],[-93.72528215533107,41.490292219246456],[-93.72518699997362,41.49000334111265],[-93.724654288828,41.49000302261117]]]}},{"type":"Feature","id":"63233040200","properties":{"id":"63233040200","pin":"63233040200","acres":0.43,"address":"2300 Timberview Dr","number":"2300","street":"Timberview Dr"},"geometry":{"type":"Polygon","coordinates":[[[-93.72354281838756,41.4893182082066],[-93.72354222400921,41.489537767188025],[-93.72439998028682,41.489540377217274],[-93.72440057929354,41.48931951620239],[-93.72354281838756,41.4893182082066]]]}},{"type":"Feature","id":"63233040250","properties":{"id":"63233040250","pin":"63233040250","acres":0.429,"address":"2118 Timberview Dr","number":"2118","street":"Timberview Dr"},"geometry":{"type":"Polygon","coordinates":[[[-93.72354579141704,41.48822041310759],[-93.72354519705861,41.48843997215221],[-93.72440293414921,41.48844258216949],[-93.72440352562829,41.48822302312067],[-93.72354579141704,41.48822041310759]]]}},{"type":"Feature","id":"63222010020","properties":{"id":"63222010020","pin":"63222010020","acres":0.291,"address":"2009 Autumn Blaze Dr","number":"2009","street":"Autumn Blaze Dr"},"geometry":{"type":"Polygon","coordinates":[[[-93.71317228608433,41.48617483736386],[-93.71290858854681,41.48618630820393],[-93.71291676871652,41.4866201109231],[-93.713232206632,41.48661776416141],[-93.71317228608433,41.48617483736386]]]}},{"type":"Feature","id":"63222010040","properties":{"id":"63222010040","pin":"63222010040","acres":0.343,"address":"2103 Autumn Blaze Dr","number":"2103","street":"Autumn Blaze Dr"},"geometry":{"type":"Polygon","coordinates":[[[-93.71369080960551,41.4861004203352],[-93.71343371082915,41.48614614047381],[-93.7135542484344,41.4866212526111],[-93.71388700530268,41.48662184799564],[-93.71382764074536,41.48646389616405],[-93.71369080960551,41.4861004203352]]]}},{"type":"Feature","id":"63222010090","properties":{"id":"63222010090","pin":"63222010090","acres":0.296,"address":"1921 Crabapple Dr","number":"1921","street":"Crabapple Dr"},"geometry":{"type":"Polygon","coordinates":[[[-93.71508971591217,41.48617370922066],[-93.71460725704846,41.48620245996507],[-93.71460172232621,41.486394771408335],[-93.715272053842,41.48643751706859],[-93.71508971591217,41.48617370922066]]]}},{"type":"Feature","id":"63222010220","properties":{"id":"63222010220","pin":"63222010220","acres":0.321,"address":"2216 Autumn Blaze Dr","number":"2216","street":"Autumn Blaze Dr"},"geometry":{"type":"Polygon","coordinates":[[[-93.71564755573779,41.48473624305773],[-93.71544100966466,41.48482305891161],[-93.71553457113188,41.48521011544964],[-93.71568369296007,41.48522828452123],[-93.71591156592271,41.484915347717795],[-93.71564924896593,41.48473771479875],[-93.71564755573779,41.48473624305773]]]}},{"type":"Feature","id":"63222010310","properties":{"id":"63222010310","pin":"63222010310","acres":0.207,"address":"2106 Autumn Blaze Dr","number":"2106","street":"Autumn Blaze Dr"},"geometry":{"type":"Polygon","coordinates":[[[-93.71369934084115,41.485529581565345],[-93.71347807041539,41.485581093787815],[-93.71361254710627,41.48594591859663],[-93.71384982766317,41.485891562697226],[-93.7137033096807,41.485537800522174],[-93.71369934084115,41.485529581565345]]]}},{"type":"Feature","id":"63222010320","properties":{"id":"63222010320","pin":"63222010320","acres":0.271,"address":"1913 Silver Maple Dr","number":"1913","street":"Silver Maple Dr"},"geometry":{"type":"Polygon","coordinates":[[[-93.71347807041539,41.485581093787815],[-93.71321119004223,41.48564323454668],[-93.71324082626037,41.48592917849876],[-93.71327542167276,41.485976870589774],[-93.71333088440228,41.48599275897575],[-93.71361254710627,41.48594591859663],[-93.7134819205357,41.485589634423114],[-93.71347807041539,41.485581093787815]]]}},{"type":"Feature","id":"63222020030","properties":{"id":"63222020030","pin":"63222020030","acres":0.237,"address":"1703 Silver Maple Dr","number":"1703","street":"Silver Maple Dr"},"geometry":{"type":"Polygon","coordinates":[[[-93.71658609088148,41.483531126850636],[-93.71653505688798,41.48369194036784],[-93.71707595192984,41.48382385287672],[-93.7170769763058,41.48358878749564],[-93.71658609088148,41.483531126850636]]]}},{"type":"Feature","id":"63222020130","properties":{"id":"63222020130","pin":"63222020130","acres":0.189,"address":"1821 Silver Maple Drive","number":"1821","street":"Silver Maple Drive"},"geometry":{"type":"Polygon","coordinates":[[[-93.71492410911432,41.48462681639933],[-93.7147358357122,41.484760474114864],[-93.71506044715987,41.48500487963168],[-93.71523282482507,41.48491056266694],[-93.71492410911432,41.48462681639933]]]}},{"type":"Feature","id":"63222020300","properties":{"id":"63222020300","pin":"63222020300","acres":0.17,"address":"1826 Silver Maple Drive","number":"1826","street":"Silver Maple Drive"},"geometry":{"type":"Polygon","coordinates":[[[-93.71425580408413,41.48439678899691],[-93.71412280857488,41.48448893903502],[-93.71439302029597,41.48476535551279],[-93.71458321900593,41.48464238284065],[-93.71425580408413,41.48439678899691]]]}},{"type":"Feature","id":"63222020350","properties":{"id":"63222020350","pin":"63222020350","acres":0.167,"address":"1806 Silver Maple Drive","number":"1806","street":"Silver Maple Drive"},"geometry":{"type":"Polygon","coordinates":[[[-93.71523184667544,41.483925547099346],[-93.71501195458166,41.4839918330156],[-93.71520249994512,41.4843035366224],[-93.71538042186005,41.484249902955234],[-93.71523184667544,41.483925547099346]]]}},{"type":"Feature","id":"63222020360","properties":{"id":"63222020360","pin":"63222020360","acres":0.162,"address":"1802 Silver Maple Drive","number":"1802","street":"Silver Maple Drive"},"geometry":{"type":"Polygon","coordinates":[[[-93.71542643336142,41.48386688948208],[-93.71523184667544,41.483925547099346],[-93.71538042186005,41.484249902955234],[-93.71557063295573,41.48420691255811],[-93.71542643336142,41.48386688948208]]]}},{"type":"Feature","id":"63223000020","properties":{"id":"63223000020","pin":"63223000020","acres":0.409,"address":"1809 Redbud St","number":"1809","street":"Redbud St"},"geometry":{"type":"Polygon","coordinates":[[[-93.71302040819157,41.488396381573395],[-93.71301603813089,41.4888896856115],[-93.71338053483849,41.48889150352749],[-93.71338490217362,41.48839820667918],[-93.71302040819157,41.488396381573395]]]}},{"type":"Feature","id":"63223000060","properties":{"id":"63223000060","pin":"63223000060","acres":0.364,"address":"1824 Magnolia Cir","number":"1824","street":"Magnolia Cir"},"geometry":{"type":"Polygon","coordinates":[[[-93.71386549612966,41.48885019150329],[-93.71374503169581,41.48889335991341],[-93.71361524144118,41.48889268932485],[-93.71385493949994,41.48935357641351],[-93.71410011464178,41.48925873408385],[-93.71424044986523,41.48917975103063],[-93.71386549612966,41.48885019150329]]]}},{"type":"Feature","id":"63223000220","properties":{"id":"63223000220","pin":"63223000220","acres":0.628,"address":"2221 Crabapple Dr","number":"2221","street":"Crabapple Dr"},"geometry":{"type":"Polygon","coordinates":[[[-93.7157998550119,41.48864669764827],[-93.71520394483811,41.48921407688743],[-93.71547721946155,41.48933622766292],[-93.71578420953787,41.48939835651864],[-93.71591569416523,41.488646717406894],[-93.7157998550119,41.48864669764827]]]}},{"type":"Feature","id":"63223000330","properties":{"id":"63223000330","pin":"63223000330","acres":0.445,"address":"2017 Crabapple Dr","number":"2017","street":"Crabapple Dr"},"geometry":{"type":"Polygon","coordinates":[[[-93.71457585317462,41.48662423159723],[-93.71454611062732,41.48689329965821],[-93.7152153784908,41.486935140895135],[-93.71525051663444,41.48662427657632],[-93.71457585317462,41.48662423159723]]]}},{"type":"Feature","id":"63223000380","properties":{"id":"63223000380","pin":"63223000380","acres":0.658,"address":"2048 Crabapple Dr","number":"2048","street":"Crabapple Dr"},"geometry":{"type":"Polygon","coordinates":[[[-93.71366460973117,41.487684839165084],[-93.7136596547666,41.48823513140903],[-93.71410177358693,41.488232011591194],[-93.714163889174,41.48820836130076],[-93.7141856013598,41.48816936781371],[-93.71423522929825,41.487720505839135],[-93.71366460973117,41.487684839165084]]]}},{"type":"Feature","id":"63223000390","properties":{"id":"63223000390","pin":"63223000390","acres":0.524,"address":"1818 Redbud St","number":"1818","street":"Redbud St"},"geometry":{"type":"Polygon","coordinates":[[[-93.71330097955051,41.48757874592156],[-93.71329516168569,41.488233307168876],[-93.7136596547666,41.48823513140903],[-93.71366460973117,41.487684839165084],[-93.71350749141867,41.48758173344028],[-93.71330097955051,41.48757874592156]]]}},{"type":"Feature","id":"63223020240","properties":{"id":"63223020240","pin":"63223020240","acres":0.356,"address":"2601 Blooming Heights Dr","number":"2601","street":"Blooming Heights Dr"},"geometry":{"type":"Polygon","coordinates":[[[-93.72023966189664,41.48748701758244],[-93.71984454482596,41.487527244714094],[-93.72000683040551,41.48800302525682],[-93.7202509190558,41.487953462388504],[-93.72023966189664,41.48748701758244]]]}},{"type":"Feature","id":"63223030070","properties":{"id":"63223030070","pin":"63223030070","acres":0.356,"address":"2239 Green Leaf Cir","number":"2239","street":"Green Leaf Cir"},"geometry":{"type":"Polygon","coordinates":[[[-93.7214387899164,41.487933755181444],[-93.72113945967233,41.48793869754791],[-93.72113929106459,41.48845798570841],[-93.72143858800958,41.48845806868428],[-93.7214387899164,41.487933755181444]]]}},{"type":"Feature","id":"63223030110","properties":{"id":"63223030110","pin":"63223030110","acres":0.649,"address":"2263 Green Leaf Circle","number":"2263","street":"Green Leaf Circle"},"geometry":{"type":"Polygon","coordinates":[[[-93.7231910194619,41.48785824654417],[-93.72287740349249,41.487905309552836],[-93.72248083808819,41.487925225873674],[-93.72230579640632,41.48847200977287],[-93.72253373103878,41.48855026418223],[-93.7231910194619,41.48785824654417]]]}},{"type":"Feature","id":"63223030140","properties":{"id":"63223030140","pin":"63223030140","acres":0.437,"address":"2281 Green Leaf Cir","number":"2281","street":"Green Leaf Cir"},"geometry":{"type":"Polygon","coordinates":[[[-93.7235443370981,41.48875770505447],[-93.72279790147478,41.488862310379844],[-93.72280812761825,41.48906884189843],[-93.7235434907869,41.48907032438977],[-93.72354400832984,41.48887909020352],[-93.7235443370981,41.48875770505447]]]}},{"type":"Feature","id":"63223030220","properties":{"id":"63223030220","pin":"63223030220","acres":0.43,"address":"2343 Green Leaf Cir","number":"2343","street":"Green Leaf Cir"},"geometry":{"type":"Polygon","coordinates":[[[-93.7210654270776,41.48977526589639],[-93.72106531256422,41.49029230984384],[-93.72143017790526,41.49029378925936],[-93.72143043220088,41.489775378193755],[-93.7210654270776,41.48977526589639]]]}},{"type":"Feature","id":"63223030270","properties":{"id":"63223030270","pin":"63223030270","acres":0.328,"address":"2352 Green Leaf Cir","number":"2352","street":"Green Leaf Cir"},"geometry":{"type":"Polygon","coordinates":[[[-93.72065441349109,41.489116817091755],[-93.72065415724566,41.48961020633005],[-93.72094616056717,41.48961028559278],[-93.72094641084071,41.489117907538294],[-93.72065441349109,41.489116817091755]]]}},{"type":"Feature","id":"63223040140","properties":{"id":"63223040140","pin":"63223040140","acres":0.331,"address":"2600 Bluebell Dr","number":"2600","street":"Bluebell Dr"},"geometry":{"type":"Polygon","coordinates":[[[-93.7197498841652,41.48520064461174],[-93.71974869792922,41.48561349932273],[-93.71992095258241,41.48568534019028],[-93.72000277093856,41.48570004973894],[-93.72006054689032,41.48570014153627],[-93.72006194011624,41.485201336279566],[-93.7197498841652,41.48520064461174]]]}},{"type":"Feature","id":"63223040150","properties":{"id":"63223040150","pin":"63223040150","acres":0.463,"address":"1900 Bluebell Drive","number":"1900","street":"Bluebell Drive"},"geometry":{"type":"Polygon","coordinates":[[[-93.71921250577284,41.4851994500849],[-93.71914940537872,41.48535771774592],[-93.71955602014485,41.48566190650974],[-93.71964472935562,41.48562053101675],[-93.71974869792922,41.48561349932273],[-93.7197498841652,41.48520064461174],[-93.71921250577284,41.4851994500849]]]}},{"type":"Feature","id":"63223040200","properties":{"id":"63223040200","pin":"63223040200","acres":0.247,"address":"2000 Bluebell Drive","number":"2000","street":"Bluebell Drive"},"geometry":{"type":"Polygon","coordinates":[[[-93.71909417456095,41.486418703956815],[-93.71909355331984,41.48663076165912],[-93.7196036292395,41.4866315808929],[-93.71960514811717,41.48641952238106],[-93.71909417456095,41.486418703956815]]]}},{"type":"Feature","id":"63233010130","properties":{"id":"63233010130","pin":"63233010130","acres":0.522,"address":"1806 Serenity Cir","number":"1806","street":"Serenity Cir"},"geometry":{"type":"Polygon","coordinates":[[[-93.72375421872229,41.48521079842161],[-93.72361656816548,41.48522860400038],[-93.72333108136225,41.48534170608183],[-93.72378601047835,41.48569650681644],[-93.72419385381157,41.48540337039287],[-93.7240168385237,41.48527406640176],[-93.72382410783457,41.48521447471467],[-93.72375421872229,41.48521079842161]]]}},{"type":"Feature","id":"63233010160","properties":{"id":"63233010160","pin":"63233010160","acres":0.264,"address":"1908 Serenity Cir","number":"1908","street":"Serenity Cir"},"geometry":{"type":"Polygon","coordinates":[[[-93.72457012464031,41.48575973774082],[-93.72410792587087,41.485990998169584],[-93.72423838168048,41.48615635167067],[-93.72472508327242,41.48595362805215],[-93.72471483357417,41.48593948156382],[-93.72457012464031,41.48575973774082]]]}},{"type":"Feature","id":"63233010180","properties":{"id":"63233010180","pin":"63233010180","acres":0.26,"address":"1916 Serenity Cir","number":"1916","street":"Serenity Cir"},"geometry":{"type":"Polygon","coordinates":[[[-93.72485604136114,41.486134381669096],[-93.72437056329666,41.48633660101647],[-93.72450274683574,41.48651684929997],[-93.7249870001736,41.4863151351292],[-93.72485604136114,41.486134381669096]]]}},{"type":"Feature","id":"63233010460","properties":{"id":"63233010460","pin":"63233010460","acres":0.673,"address":"1907 Serenity Cir","number":"1907","street":"Serenity Cir"},"geometry":{"type":"Polygon","coordinates":[[[-93.72578357424105,41.48518198089206],[-93.72476718291959,41.48568381197629],[-93.72490283921213,41.485855462121634],[-93.72604535000386,41.48537780574004],[-93.72578357424105,41.48518198089206]]]}},{"type":"Feature","id":"63233010470","properties":{"id":"63233010470","pin":"63233010470","acres":0.627,"address":"1903 Serenity Cir","number":"1903","street":"Serenity Cir"},"geometry":{"type":"Polygon","coordinates":[[[-93.72552979438633,41.484992136693265],[-93.72461397228915,41.48552072818952],[-93.72476718291959,41.48568381197629],[-93.72578357424105,41.48518198089206],[-93.72552979438633,41.484992136693265]]]}},{"type":"Feature","id":"63233010510","properties":{"id":"63233010510","pin":"63233010510","acres":0.519,"address":"4459 G14 Hwy","number":"4459","street":"G14 Hwy"},"geometry":{"type":"Polygon","coordinates":[[[-93.72450641531974,41.4845044586021],[-93.72395523194118,41.48450552705945],[-93.72385610577874,41.485052828644285],[-93.72407500622498,41.48510829065891],[-93.72450641531974,41.4845044586021]]]}},{"type":"Feature","id":"63233020020","properties":{"id":"63233020020","pin":"63233020020","acres":0.359,"address":"2821 Partlow St","number":"2821","street":"Partlow St"},"geometry":{"type":"Polygon","coordinates":[[[-93.7236535166593,41.4839105743041],[-93.72338850746196,41.48391135112275],[-93.7233895645784,41.48450662086282],[-93.72365452680114,41.48450610886272],[-93.7236535166593,41.4839105743041]]]}},{"type":"Feature","id":"63233020060","properties":{"id":"63233020060","pin":"63233020060","acres":0.358,"address":"2913 Partlow St","number":"2913","street":"Partlow St"},"geometry":{"type":"Polygon","coordinates":[[[-93.72471165550206,41.48390746644612],[-93.72444854660839,41.48390824020081],[-93.72444994390065,41.484504568191504],[-93.72471456125047,41.48450405443244],[-93.72471165550206,41.48390746644612]]]}},{"type":"Feature","id":"63233020080","properties":{"id":"63233020080","pin":"63233020080","acres":0.63,"address":"3001 Partlow St","number":"3001","street":"Partlow St"},"geometry":{"type":"Polygon","coordinates":[[[-93.72536903316663,41.483905531110096],[-93.72504255893536,41.48390649268548],[-93.72504557955283,41.48462990457476],[-93.7253737940165,41.48487543577002],[-93.72536903316663,41.483905531110096]]]}},{"type":"Feature","id":"63233020160","properties":{"id":"63233020160","pin":"63233020160","acres":0.657,"address":"1713 Peaceful Cir","number":"1713","street":"Peaceful Cir"},"geometry":{"type":"Polygon","coordinates":[[[-93.7268930997455,41.484623005277896],[-93.7268515591232,41.48469256003734],[-93.72677197379913,41.48474212607458],[-93.72731388790255,41.48553882194715],[-93.72735638302689,41.485078644116555],[-93.72734757572297,41.48467759809961],[-93.7268930997455,41.484623005277896]]]}},{"type":"Feature","id":"63233020180","properties":{"id":"63233020180","pin":"63233020180","acres":0.288,"address":"1705 Peaceful Cir","number":"1705","street":"Peaceful Cir"},"geometry":{"type":"Polygon","coordinates":[[[-93.72734638588064,41.48419368614102],[-93.72677884295828,41.484195268432074],[-93.72678736867977,41.48441355737207],[-93.72735407867651,41.48441570264411],[-93.72735330765109,41.4841938823359],[-93.72734638588064,41.48419368614102]]]}},{"type":"Feature","id":"63233020210","properties":{"id":"63233020210","pin":"63233020210","acres":0.337,"address":"3108 Partlow St","number":"3108","street":"Partlow St"},"geometry":{"type":"Polygon","coordinates":[[[-93.72673137111563,41.48319588093827],[-93.72673393331601,41.48373848912954],[-93.72700728922067,41.4837377882122],[-93.72700470237756,41.48319701333929],[-93.72673137111563,41.48319588093827]]]}},{"type":"Feature","id":"63233020250","properties":{"id":"63233020250","pin":"63233020250","acres":0.342,"address":"3008 Partlow St","number":"3008","street":"Partlow St"},"geometry":{"type":"Polygon","coordinates":[[[-93.72563794917995,41.48319134686553],[-93.72564051083314,41.483741285436366],[-93.7259138655638,41.4837405871053],[-93.7259112684269,41.48319248097323],[-93.72563794917995,41.48319134686553]]]}},{"type":"Feature","id":"63233020270","properties":{"id":"63233020270","pin":"63233020270","acres":0.413,"address":"3000 Partlow St","number":"3000","street":"Partlow St"},"geometry":{"type":"Polygon","coordinates":[[[-93.72503657669769,41.48318884825111],[-93.72503922140291,41.4837428178731],[-93.72536715489615,41.48374198222334],[-93.72536464670593,41.48319021207931],[-93.72503657669769,41.48318884825111]]]}},{"type":"Feature","id":"63233030080","properties":{"id":"63233030080","pin":"63233030080","acres":0.244,"address":"1921 Timberview Dr","number":"1921","street":"Timberview Dr"},"geometry":{"type":"Polygon","coordinates":[[[-93.7243878155731,41.48636012719203],[-93.72391218973534,41.486557513611245],[-93.72403907650582,41.486730550351005],[-93.72451491011772,41.486533435846376],[-93.72450274683574,41.48651684929997],[-93.7243878155731,41.48636012719203]]]}},{"type":"Feature","id":"63233030130","properties":{"id":"63233030130","pin":"63233030130","acres":0.287,"address":"2809 Blooming Heights Dr","number":"2809","street":"Blooming Heights Dr"},"geometry":{"type":"Polygon","coordinates":[[[-93.72330424931602,41.487415340168],[-93.72302668336391,41.487459616511195],[-93.72312079884361,41.487868784619984],[-93.72343741013671,41.48781282976717],[-93.72330424931602,41.487415340168]]]}},{"type":"Feature","id":"63233030160","properties":{"id":"63233030160","pin":"63233030160","acres":0.292,"address":"2719 Blooming Heights Dr","number":"2719","street":"Blooming Heights Dr"},"geometry":{"type":"Polygon","coordinates":[[[-93.72242677113468,41.48750081259341],[-93.72212635677926,41.48750186346175],[-93.7221288607396,41.487926396611435],[-93.7224328983851,41.487925385595624],[-93.72242677113468,41.48750081259341]]]}},{"type":"Feature","id":"63233040060","properties":{"id":"63233040060","pin":"63233040060","acres":0.508,"address":"2203 Timberview Dr","number":"2203","street":"Timberview Dr"},"geometry":{"type":"Polygon","coordinates":[[[-93.72465859279707,41.488392741742544],[-93.72465799747025,41.48861372076265],[-93.72566096050842,41.48861674976515],[-93.7257127206201,41.48850482136826],[-93.72559653610372,41.48839558600392],[-93.72465859279707,41.488392741742544]]]}},{"type":"Feature","id":"63233040210","properties":{"id":"63233040210","pin":"63233040210","acres":0.428,"address":"2216 Timberview Dr","number":"2216","street":"Timberview Dr"},"geometry":{"type":"Polygon","coordinates":[[[-93.72354341395945,41.48909864921023],[-93.72354281838756,41.4893182082066],[-93.72440057929354,41.48931951620239],[-93.72440116208318,41.48910125923561],[-93.72354341395945,41.48909864921023]]]}},{"type":"Feature","id":"63233040240","properties":{"id":"63233040240","pin":"63233040240","acres":0.429,"address":"2204 Timberview Dr","number":"2204","street":"Timberview Dr"},"geometry":{"type":"Polygon","coordinates":[[[-93.72354519705861,41.48843997215221],[-93.72354460269625,41.4886595311842],[-93.72440234386366,41.48866214120339],[-93.72440293414921,41.48844258216949],[-93.72354519705861,41.48843997215221]]]}},{"type":"Feature","id":"63233040260","properties":{"id":"63233040260","pin":"63233040260","acres":0.43,"address":"2114 Timberview Dr","number":"2114","street":"Timberview Dr"},"geometry":{"type":"Polygon","coordinates":[[[-93.7235463857715,41.48800085405036],[-93.72354579141704,41.48822041310759],[-93.72440352562829,41.48822302312067],[-93.72440411985505,41.48800217194341],[-93.7235463857715,41.48800085405036]]]}},{"type":"Feature","id":"63233044000","properties":{"id":"63233044000","pin":"63233044000","acres":0.592,"address":"2312 Timberview Dr","number":"2312","street":"Timberview Dr"},"geometry":{"type":"Polygon","coordinates":[[[-93.72354099831306,41.48999060675897],[-93.72354016360782,41.49029892284059],[-93.72439796899218,41.49029059804956],[-93.72439876172712,41.48999321679465],[-93.72354099831306,41.48999060675897]]]}},{"type":"Feature","id":"63400100828","properties":{"id":"63400100828","pin":"63400100828","acres":2.675,"address":"2706 50th Ave","number":"2706","street":"50th Ave"},"geometry":{"type":"Polygon","coordinates":[[[-93.71228895380655,41.48661898220205],[-93.71228043373367,41.48757822537371],[-93.71350749141867,41.48758173344028],[-93.71350435580207,41.486621163722575],[-93.71250494524872,41.48661937078807],[-93.71228895380655,41.48661898220205]]]}},{"type":"Feature","id":"63400100868","properties":{"id":"63400100868","pin":"63400100868","acres":4.393,"address":"G14 Hwy","number":"","street":"G14 Hwy"},"geometry":{"type":"Polygon","coordinates":[[[-93.71708021352654,41.48295541796925],[-93.71707094726393,41.48484907474716],[-93.71764856102428,41.48476313052971],[-93.71834015716716,41.48383619817402],[-93.71823670521493,41.48352748777941],[-93.71828093434414,41.48296035184284],[-93.71708021352654,41.48295541796925]]]}},{"type":"Feature","id":"63222010060","properties":{"id":"63222010060","pin":"63222010060","acres":0.305,"address":"2111 Autumn Blaze Dr","number":"2111","street":"Autumn Blaze Dr"},"geometry":{"type":"Polygon","coordinates":[[[-93.71425037927149,41.48597440351136],[-93.71394975268426,41.48604060095131],[-93.71409948761743,41.486402200424614],[-93.71438852027595,41.48633659766366],[-93.71437421974665,41.486133683561384],[-93.71432669487152,41.486010084668976],[-93.7142658935615,41.485975895594216],[-93.71425037927149,41.48597440351136]]]}},{"type":"Feature","id":"63222010240","properties":{"id":"63222010240","pin":"63222010240","acres":0.223,"address":"2208 Autumn Blaze Drive","number":"2208","street":"Autumn Blaze Drive"},"geometry":{"type":"Polygon","coordinates":[[[-93.71511950132863,41.48496382566042],[-93.71494110686191,41.485087845175734],[-93.71521499236188,41.485440345152654],[-93.71531646201633,41.485388198156116],[-93.71537700015207,41.48529518853004],[-93.71511950132863,41.48496382566042]]]}},{"type":"Feature","id":"63222010260","properties":{"id":"63222010260","pin":"63222010260","acres":0.203,"address":"2200 Autumn Blaze Drive","number":"2200","street":"Autumn Blaze Drive"},"geometry":{"type":"Polygon","coordinates":[[[-93.71475956296071,41.48520800653091],[-93.71455621196324,41.48529426739843],[-93.71479905791168,41.48562254052634],[-93.7150101615023,41.48553034093014],[-93.7147615909678,41.48521042130937],[-93.71475956296071,41.48520800653091]]]}},{"type":"Feature","id":"63222017000","properties":{"id":"63222017000","pin":"63222017000","acres":2.127,"address":"Silver Maple Dr","number":"","street":"Silver Maple Dr"},"geometry":{"type":"Polygon","coordinates":[[[-93.71707442295919,41.48413851325522],[-93.71613276847381,41.48459668538535],[-93.71564755573779,41.48473624305773],[-93.71591156592271,41.484915347717795],[-93.71568369296007,41.48522828452123],[-93.71576357891198,41.48528346850631],[-93.71580013028962,41.48536026877052],[-93.71642261202177,41.48508678463169],[-93.71706958738727,41.48512702346191],[-93.71707094726393,41.48484907474716],[-93.71707442295919,41.48413851325522]]]}},{"type":"Feature","id":"63222020050","properties":{"id":"63222020050","pin":"63222020050","acres":0.319,"address":"1711 Silver Maple Dr","number":"1711","street":"Silver Maple Dr"},"geometry":{"type":"Polygon","coordinates":[[[-93.71645084200146,41.48384469860784],[-93.7163356302542,41.48398546345253],[-93.71683030256291,41.48425728080091],[-93.71707442176175,41.484138513257456],[-93.71707467190939,41.48408435846176],[-93.71645084200146,41.48384469860784]]]}},{"type":"Feature","id":"63222020060","properties":{"id":"63222020060","pin":"63222020060","acres":0.255,"address":"1715 Silver Maple Drive","number":"1715","street":"Silver Maple Drive"},"geometry":{"type":"Polygon","coordinates":[[[-93.7163356302542,41.48398546345253],[-93.716192213351,41.484110811575306],[-93.71655921691259,41.48438918960631],[-93.71683030256291,41.48425728080091],[-93.7163356302542,41.48398546345253]]]}},{"type":"Feature","id":"63222020120","properties":{"id":"63222020120","pin":"63222020120","acres":0.199,"address":"1815 Silver Maple Dr","number":"1815","street":"Silver Maple Dr"},"geometry":{"type":"Polygon","coordinates":[[[-93.71514760402835,41.48451027389375],[-93.71492410911432,41.48462681639933],[-93.71523282482507,41.48491056266694],[-93.71540224858201,41.4848393504682],[-93.71514760402835,41.48451027389375]]]}},{"type":"Feature","id":"63222020170","properties":{"id":"63222020170","pin":"63222020170","acres":0.196,"address":"1837 Silver Maple Drive","number":"1837","street":"Silver Maple Drive"},"geometry":{"type":"Polygon","coordinates":[[[-93.71418540465342,41.48504643167038],[-93.71397591751115,41.485106269083126],[-93.71411197576151,41.48543351747078],[-93.71437036359052,41.48535500171729],[-93.71418540465342,41.48504643167038]]]}},{"type":"Feature","id":"63222020260","properties":{"id":"63222020260","pin":"63222020260","acres":0.157,"address":"1838 Silver Maple Dr","number":"1838","street":"Silver Maple Dr"},"geometry":{"type":"Polygon","coordinates":[[[-93.7136141140182,41.48465880755944],[-93.71342235624701,41.484703448964126],[-93.71355727237625,41.485031140447376],[-93.71374902981565,41.48498649792465],[-93.7136141140182,41.48465880755944]]]}},{"type":"Feature","id":"63222020340","properties":{"id":"63222020340","pin":"63222020340","acres":0.167,"address":"1810 Silver Maple Drive","number":"1810","street":"Silver Maple Drive"},"geometry":{"type":"Polygon","coordinates":[[[-93.71501195458166,41.4839918330156],[-93.71480186528879,41.48407415940711],[-93.71503248511928,41.48437016106873],[-93.71520249994512,41.4843035366224],[-93.71501195458166,41.4839918330156]]]}},{"type":"Feature","id":"63222020380","properties":{"id":"63222020380","pin":"63222020380","acres":0.178,"address":"1724 Silver Maple Drive","number":"1724","street":"Silver Maple Drive"},"geometry":{"type":"Polygon","coordinates":[[[-93.71572042644223,41.483747579877004],[-93.71558138520265,41.483820179330365],[-93.71582468653509,41.484119628744956],[-93.71604389439061,41.48398950055299],[-93.71595766268808,41.48392500918271],[-93.71572042644223,41.483747579877004]]]}},{"type":"Feature","id":"63223000070","properties":{"id":"63223000070","pin":"63223000070","acres":0.431,"address":"1816 Magnolia Cir","number":"1816","street":"Magnolia Cir"},"geometry":{"type":"Polygon","coordinates":[[[-93.71330880067019,41.488891140588926],[-93.71337222958005,41.48933621615308],[-93.71347312364577,41.4893453683185],[-93.71363305303434,41.489397488610315],[-93.71385493949994,41.48935357641351],[-93.71361524144118,41.48889268932485],[-93.71330880067019,41.488891140588926]]]}},{"type":"Feature","id":"63223000140","properties":{"id":"63223000140","pin":"63223000140","acres":0.441,"address":"1833 Magnolia Cir","number":"1833","street":"Magnolia Cir"},"geometry":{"type":"Polygon","coordinates":[[[-93.71470177875068,41.489101975147136],[-93.7146427550896,41.48911449973587],[-93.71436064888236,41.48931860797851],[-93.71471750065079,41.489643590196145],[-93.71504876105764,41.489331155074005],[-93.71471721217621,41.489103775265065],[-93.71470177875068,41.489101975147136]]]}},{"type":"Feature","id":"63223000210","properties":{"id":"63223000210","pin":"63223000210","acres":0.689,"address":"2223 Crabapple Dr","number":"2223","street":"Crabapple Dr"},"geometry":{"type":"Polygon","coordinates":[[[-93.71591569416523,41.488646717406894],[-93.71578420953787,41.48939835651864],[-93.71593448217237,41.48939910169902],[-93.71610095610787,41.48932485875481],[-93.71620515387181,41.489318972475246],[-93.71634803637737,41.488664800559995],[-93.71633542097454,41.488646782337064],[-93.71591569416523,41.488646717406894]]]}},{"type":"Feature","id":"63223000230","properties":{"id":"63223000230","pin":"63223000230","acres":0.654,"address":"2209 Crabapple Dr","number":"2209","street":"Crabapple Dr"},"geometry":{"type":"Polygon","coordinates":[[[-93.71545813226084,41.48864663768901],[-93.71505427826965,41.48870737097845],[-93.71479109403464,41.48891352600233],[-93.71520394483811,41.48921407688743],[-93.7157998550119,41.48864669764827],[-93.71545813226084,41.48864663768901]]]}},{"type":"Feature","id":"63223020080","properties":{"id":"63223020080","pin":"63223020080","acres":0.56,"address":"2116 Redbud St","number":"2116","street":"Redbud St"},"geometry":{"type":"Polygon","coordinates":[[[-93.71835654992196,41.48729757681088],[-93.71811675767387,41.48768755589248],[-93.71864293794913,41.487920727160976],[-93.71869917694583,41.48790681012935],[-93.71892098910777,41.48773374122695],[-93.71835654992196,41.48729757681088]]]}},{"type":"Feature","id":"63223020100","properties":{"id":"63223020100","pin":"63223020100","acres":0.668,"address":"2012 Bluebell Dr","number":"2012","street":"Bluebell Dr"},"geometry":{"type":"Polygon","coordinates":[[[-93.71960141361551,41.48710298306375],[-93.71869069468754,41.487147420950244],[-93.71912775236373,41.48760279438042],[-93.71961191671693,41.487403290117285],[-93.71964700919449,41.487342424066675],[-93.71961899586357,41.48720882620991],[-93.71960141361551,41.48710298306375]]]}},{"type":"Feature","id":"63223020110","properties":{"id":"63223020110","pin":"63223020110","acres":0.58,"address":"2008 Bluebell Dr","number":"2008","street":"Bluebell Dr"},"geometry":{"type":"Polygon","coordinates":[[[-93.7186179304414,41.48687092257918],[-93.71854229292569,41.4869943868718],[-93.71869069468754,41.487147420950244],[-93.71960141361551,41.48710298306375],[-93.71958482823769,41.486873169239146],[-93.7186179304414,41.48687092257918]]]}},{"type":"Feature","id":"63223020260","properties":{"id":"63223020260","pin":"63223020260","acres":0.347,"address":"2507 Blooming Heights Dr","number":"2507","street":"Blooming Heights Dr"},"geometry":{"type":"Polygon","coordinates":[[[-93.7194724598446,41.48763498120993],[-93.71914347668105,41.487804420241275],[-93.7195427944987,41.48814884740413],[-93.71976422167322,41.488052287657005],[-93.7194724598446,41.48763498120993]]]}},{"type":"Feature","id":"63223020300","properties":{"id":"63223020300","pin":"63223020300","acres":0.633,"address":"2121 Redbud Street","number":"2121","street":"Redbud Street"},"geometry":{"type":"Polygon","coordinates":[[[-93.7184828170937,41.488050874607524],[-93.71779649457655,41.48867514683652],[-93.71798972227181,41.48877646427584],[-93.71880832000151,41.4883049725524],[-93.71848309790624,41.48805105416218],[-93.7184828170937,41.488050874607524]]]}},{"type":"Feature","id":"63223020320","properties":{"id":"63223020320","pin":"63223020320","acres":0.762,"address":"2105 Redbud St","number":"2105","street":"Redbud St"},"geometry":{"type":"Polygon","coordinates":[[[-93.71749748338372,41.48771301987008],[-93.71741099825573,41.48847301342048],[-93.7176101531452,41.488577440330005],[-93.71808986798159,41.48785808230317],[-93.71770106738944,41.48774639115888],[-93.71749748338372,41.48771301987008]]]}},{"type":"Feature","id":"63223020330","properties":{"id":"63223020330","pin":"63223020330","acres":0.758,"address":"1921 Redbud St","number":"1921","street":"Redbud St"},"geometry":{"type":"Polygon","coordinates":[[[-93.71676209409742,41.48772028987455],[-93.71628217560172,41.487836802755155],[-93.71679417086368,41.48866783085879],[-93.71700564987164,41.48866825462677],[-93.71676209409742,41.48772028987455]]]}},{"type":"Feature","id":"63223024000","properties":{"id":"63223024000","pin":"63223024000","acres":1.658,"address":"Redbud St","number":"","street":"Redbud St"},"geometry":{"type":"Polygon","coordinates":[[[-93.7172523259998,41.4876935433332],[-93.71676209409742,41.48772028987455],[-93.71700564987164,41.48866825462677],[-93.71716573775564,41.48866857550113],[-93.7176228788961,41.488908519776054],[-93.71822762023211,41.48890120362598],[-93.71741099825573,41.48847301342048],[-93.71749715633483,41.487712979065414],[-93.7172523259998,41.4876935433332]]]}},{"type":"Feature","id":"63223030010","properties":{"id":"63223030010","pin":"63223030010","acres":0.383,"address":"2204 Redbud St","number":"2204","street":"Redbud St"},"geometry":{"type":"Polygon","coordinates":[[[-93.71951342348089,41.48816165496373],[-93.71910618596954,41.488339239004326],[-93.71930873772635,41.48862569820865],[-93.71934091851536,41.488646154281646],[-93.71940979962892,41.48865032948951],[-93.71970072226387,41.488556700394355],[-93.71951705678012,41.48816596830925],[-93.71951342348089,41.48816165496373]]]}},{"type":"Feature","id":"63223030030","properties":{"id":"63223030030","pin":"63223030030","acres":0.357,"address":"2215 Green Leaf Cir","number":"2215","street":"Green Leaf Cir"},"geometry":{"type":"Polygon","coordinates":[[[-93.72019089644813,41.48796565045655],[-93.71983783386452,41.488037340295044],[-93.71997335173072,41.48849815529945],[-93.72025349166249,41.488465286191094],[-93.72019219864217,41.48797185280836],[-93.72019089644813,41.48796565045655]]]}},{"type":"Feature","id":"63223030050","properties":{"id":"63223030050","pin":"63223030050","acres":0.349,"address":"2227 Green Leaf Cir","number":"2227","street":"Green Leaf Cir"},"geometry":{"type":"Polygon","coordinates":[[[-93.72084070893638,41.48794362992962],[-93.72054086490687,41.487948578931274],[-93.72054069597638,41.48845781653545],[-93.72083999292288,41.48845790196045],[-93.72084070893638,41.48794362992962]]]}},{"type":"Feature","id":"63223030100","properties":{"id":"63223030100","pin":"63223030100","acres":0.436,"address":"2257 Green Leaf Circle","number":"2257","street":"Green Leaf Circle"},"geometry":{"type":"Polygon","coordinates":[[[-93.72248083808819,41.487925225873674],[-93.72203738443801,41.48792669918848],[-93.72203718310236,41.48845823321106],[-93.72230579640632,41.48847200977287],[-93.72248083808819,41.487925225873674]]]}},{"type":"Feature","id":"63223030200","properties":{"id":"63223030200","pin":"63223030200","acres":0.436,"address":"2331 Green Leaf Cir","number":"2331","street":"Green Leaf Cir"},"geometry":{"type":"Polygon","coordinates":[[[-93.7217954361279,41.489775489341774],[-93.72179531869945,41.49029526879692],[-93.7221681718638,41.490296115579866],[-93.72214948990238,41.48977559605504],[-93.7217954361279,41.489775489341774]]]}},{"type":"Feature","id":"63223030230","properties":{"id":"63223030230","pin":"63223030230","acres":0.429,"address":"2349 Green Leaf Cir","number":"2349","street":"Green Leaf Cir"},"geometry":{"type":"Polygon","coordinates":[[[-93.72070042315309,41.48977515244505],[-93.72070016581245,41.49029082711313],[-93.72106531256422,41.49029230984384],[-93.7210654270776,41.48977526589639],[-93.72070042315309,41.48977515244505]]]}},{"type":"Feature","id":"63223030290","properties":{"id":"63223030290","pin":"63223030290","acres":0.326,"address":"2340 Green Leaf Cir","number":"2340","street":"Green Leaf Cir"},"geometry":{"type":"Polygon","coordinates":[[[-93.7212384082,41.48911899724782],[-93.7212381615248,41.48961037312716],[-93.72153016365934,41.48961045361927],[-93.7215304043716,41.48912008622258],[-93.7212384082,41.48911899724782]]]}},{"type":"Feature","id":"63223030350","properties":{"id":"63223030350","pin":"63223030350","acres":0.344,"address":"2246 Green Leaf Cir","number":"2246","street":"Green Leaf Cir"},"geometry":{"type":"Polygon","coordinates":[[[-93.72150877071046,41.48862240687831],[-93.72150852798966,41.489120007456755],[-93.72181147792907,41.48912113507566],[-93.72181171959578,41.488622490901605],[-93.72150877071046,41.48862240687831]]]}},{"type":"Feature","id":"63223030380","properties":{"id":"63223030380","pin":"63223030380","acres":0.342,"address":"2228 Green Leaf Circle","number":"2228","street":"Green Leaf Circle"},"geometry":{"type":"Polygon","coordinates":[[[-93.72059992646336,41.488622152744924],[-93.7205996782311,41.489116618939335],[-93.7209026281422,41.48911774983879],[-93.72090287534327,41.48862223824791],[-93.72059992646336,41.488622152744924]]]}},{"type":"Feature","id":"63223030390","properties":{"id":"63223030390","pin":"63223030390","acres":0.344,"address":"2220 Green Leaf Cir","number":"2220","street":"Green Leaf Cir"},"geometry":{"type":"Polygon","coordinates":[[[-93.72046823476,41.48862211566572],[-93.72026066087757,41.48862986125003],[-93.72032518749201,41.48911558701999],[-93.7205996782311,41.489116618939335],[-93.72059992646336,41.488622152744924],[-93.72046823476,41.48862211566572]]]}},{"type":"Feature","id":"63223030400","properties":{"id":"63223030400","pin":"63223030400","acres":0.355,"address":"2212 Green Leaf Cir","number":"2212","street":"Green Leaf Cir"},"geometry":{"type":"Polygon","coordinates":[[[-93.72026066087757,41.48862986125003],[-93.71989972437763,41.488681480467875],[-93.72008793588662,41.489180436135165],[-93.72032518749201,41.48911558701999],[-93.72026066087757,41.48862986125003]]]}},{"type":"Feature","id":"63223040180","properties":{"id":"63223040180","pin":"63223040180","acres":0.274,"address":"1924 Bluebell Drive","number":"1924","street":"Bluebell Drive"},"geometry":{"type":"Polygon","coordinates":[[[-93.71897865884664,41.48599585589715],[-93.71909477669914,41.48620737922535],[-93.71960574740397,41.48620819674885],[-93.71960634666569,41.48599686480202],[-93.71897865884664,41.48599585589715]]]}},{"type":"Feature","id":"63233010080","properties":{"id":"63233010080","pin":"63233010080","acres":0.253,"address":"1808 Timberview Dr","number":"1808","street":"Timberview Dr"},"geometry":{"type":"Polygon","coordinates":[[[-93.72232820074312,41.48470272193934],[-93.7218226058924,41.48470498921369],[-93.72182316804134,41.48494171734656],[-93.7223394959419,41.484900296027725],[-93.7223283063193,41.4847246228001],[-93.72232820074312,41.48470272193934]]]}},{"type":"Feature","id":"63233010110","properties":{"id":"63233010110","pin":"63233010110","acres":0.377,"address":"1820 Timberview Dr","number":"1820","street":"Timberview Dr"},"geometry":{"type":"Polygon","coordinates":[[[-93.72245098925313,41.485283110285025],[-93.72182436345055,41.4854449649234],[-93.72182502447222,41.48572355361822],[-93.72254942888875,41.4854648510968],[-93.72249680463004,41.485375023190734],[-93.72245098925313,41.485283110285025]]]}},{"type":"Feature","id":"63233010200","properties":{"id":"63233010200","pin":"63233010200","acres":0.392,"address":"2004 Serenity Cir","number":"2004","street":"Serenity Cir"},"geometry":{"type":"Polygon","coordinates":[[[-93.72522252765447,41.4867343175107],[-93.72478976380647,41.486905559438455],[-93.72498987519829,41.487178430664386],[-93.7254705660191,41.48700802293599],[-93.72530065181006,41.486768454488306],[-93.72523819198027,41.486735437755456],[-93.72522252765447,41.4867343175107]]]}},{"type":"Feature","id":"63233010300","properties":{"id":"63233010300","pin":"63233010300","acres":2.44,"address":"Serenity Cir","number":"","street":"Serenity Cir"},"geometry":{"type":"Polygon","coordinates":[[[-93.72684138817837,41.488488813723016],[-93.7267822245881,41.48852508630168],[-93.72667223876596,41.48854711647085],[-93.72669050658537,41.489274727795596],[-93.72691924454725,41.48945483257868],[-93.72691852281183,41.49031782021304],[-93.7274622251154,41.490320201971],[-93.72746488622325,41.48889613397174],[-93.72684138817837,41.488488813723016]]]}},{"type":"Feature","id":"63233010350","properties":{"id":"63233010350","pin":"63233010350","acres":0.387,"address":"2107 Serenity Cir","number":"2107","street":"Serenity Cir"},"geometry":{"type":"Polygon","coordinates":[[[-93.72689608871578,41.48735590729749],[-93.72620180030256,41.48772251292239],[-93.72635944035817,41.48789089477117],[-93.72701660632353,41.487543194376414],[-93.72689608871578,41.48735590729749]]]}},{"type":"Feature","id":"63233010440","properties":{"id":"63233010440","pin":"63233010440","acres":0.615,"address":"1915 Serenity Cir","number":"1915","street":"Serenity Cir"},"geometry":{"type":"Polygon","coordinates":[[[-93.72618088224648,41.4855591963568],[-93.7250336808516,41.48603604378773],[-93.72516463995811,41.486216797051405],[-93.72631496680563,41.485738648321686],[-93.72618088224648,41.4855591963568]]]}},{"type":"Feature","id":"63233010520","properties":{"id":"63233010520","pin":"63233010520","acres":0.451,"address":"1805 Serenity Cir","number":"1805","street":"Serenity Cir"},"geometry":{"type":"Polygon","coordinates":[[[-93.72395523194118,41.48450552705945],[-93.72346156890518,41.48450648178525],[-93.72362524462797,41.48505868674222],[-93.72385610577874,41.485052828644285],[-93.72395523194118,41.48450552705945]]]}},{"type":"Feature","id":"63233020010","properties":{"id":"63233020010","pin":"63233020010","acres":0.36,"address":"2817 Partlow St","number":"2817","street":"Partlow St"},"geometry":{"type":"Polygon","coordinates":[[[-93.72338850746196,41.48391135112275],[-93.72312184345108,41.48391213322745],[-93.72312473406743,41.48450713200196],[-93.7233895645784,41.48450662086282],[-93.72338850746196,41.48391135112275]]]}},{"type":"Feature","id":"63233020030","properties":{"id":"63233020030","pin":"63233020030","acres":0.359,"address":"2901 Partlow St","number":"2901","street":"Partlow St"},"geometry":{"type":"Polygon","coordinates":[[[-93.7239169345028,41.483909801759765],[-93.7236535166593,41.4839105743041],[-93.72365452680114,41.48450610886272],[-93.7239198350735,41.48450559558576],[-93.7239169345028,41.483909801759765]]]}},{"type":"Feature","id":"63233020190","properties":{"id":"63233020190","pin":"63233020190","acres":0.382,"address":"1701 Peaceful Cir","number":"1701","street":"Peaceful Cir"},"geometry":{"type":"Polygon","coordinates":[[[-93.72735228318798,41.48389914688347],[-93.7268685249276,41.4839007846161],[-93.72680599086709,41.48391969914605],[-93.72677773113777,41.48396956614069],[-93.72677884295828,41.484195268432074],[-93.72735330765109,41.4841938823359],[-93.72735228318798,41.48389914688347]]]}},{"type":"Feature","id":"63233020260","properties":{"id":"63233020260","pin":"63233020260","acres":0.343,"address":"3004 Partlow St","number":"3004","street":"Partlow St"},"geometry":{"type":"Polygon","coordinates":[[[-93.72536464670593,41.48319021207931],[-93.72536715489615,41.48374198222334],[-93.72564051083314,41.483741285436366],[-93.72563794917995,41.48319134686553],[-93.72536464670593,41.48319021207931]]]}},{"type":"Feature","id":"63233020330","properties":{"id":"63233020330","pin":"63233020330","acres":0.341,"address":"2824 Partlow St","number":"2824","street":"Partlow St"},"geometry":{"type":"Polygon","coordinates":[[[-93.7233835330342,41.483181964031814],[-93.72338605310965,41.483747016353554],[-93.72365139248492,41.48374634425077],[-93.72364853732925,41.48318306911956],[-93.7233835330342,41.483181964031814]]]}},{"type":"Feature","id":"63233020340","properties":{"id":"63233020340","pin":"63233020340","acres":0.342,"address":"2820 Partlow St","number":"2820","street":"Partlow St"},"geometry":{"type":"Polygon","coordinates":[[[-93.72311852874813,41.483180858336915],[-93.72312104421245,41.48374768721024],[-93.72338605310965,41.483747016353554],[-93.7233835330342,41.483181964031814],[-93.72311852874813,41.483180858336915]]]}},{"type":"Feature","id":"63233030250","properties":{"id":"63233030250","pin":"63233030250","acres":0.332,"address":"1914 Timberview Dr","number":"1914","street":"Timberview Dr"},"geometry":{"type":"Polygon","coordinates":[[[-93.72349847315871,41.48639170161648],[-93.72285605196582,41.4866772684628],[-93.72313761572735,41.4868005035891],[-93.72364503339311,41.48659011619604],[-93.72352910070063,41.48643202563023],[-93.72349847315871,41.48639170161648]]]}},{"type":"Feature","id":"63233040030","properties":{"id":"63233040030","pin":"63233040030","acres":0.357,"address":"2109 Timberview Dr","number":"2109","street":"Timberview Dr"},"geometry":{"type":"Polygon","coordinates":[[[-93.72524730199868,41.48769295238214],[-93.72464915349407,41.487744436708574],[-93.7246597643731,41.48795394869622],[-93.72537810835357,41.48795612697149],[-93.72529623743583,41.487791405950574],[-93.72524730199868,41.48769295238214]]]}},{"type":"Feature","id":"63233040040","properties":{"id":"63233040040","pin":"63233040040","acres":0.388,"address":"2113 Timberview Dr","number":"2113","street":"Timberview Dr"},"geometry":{"type":"Polygon","coordinates":[[[-93.7246597643731,41.48795394869622],[-93.72465917632007,41.488174602674036],[-93.72548732123504,41.48817584844295],[-93.72537810835357,41.48795612697149],[-93.7246597643731,41.48795394869622]]]}},{"type":"Feature","id":"63233040110","properties":{"id":"63233040110","pin":"63233040110","acres":0.752,"address":"3012 Hillside Cir","number":"3012","street":"Hillside Cir"},"geometry":{"type":"Polygon","coordinates":[[[-93.72609931133219,41.48880922504048],[-93.72560528262242,41.489409993363644],[-93.72575949552254,41.489420873991456],[-93.72586716983096,41.48950192176928],[-93.72663926769982,41.48923438379627],[-93.72661650795315,41.489216462201135],[-93.72609931133219,41.48880922504048]]]}},{"type":"Feature","id":"63233040140","properties":{"id":"63233040140","pin":"63233040140","acres":0.557,"address":"3009 Hillside Cir","number":"3009","street":"Hillside Cir"},"geometry":{"type":"Polygon","coordinates":[[[-93.72546803330005,41.48966158848317],[-93.72518699997362,41.49000334111265],[-93.72547261917362,41.490292570322545],[-93.7257941855744,41.49029649747916],[-93.72569477754024,41.489743075102595],[-93.72558168073729,41.48973356750488],[-93.7254899965559,41.489684726215515],[-93.72546803330005,41.48966158848317]]]}},{"type":"Feature","id":"63233040180","properties":{"id":"63233040180","pin":"63233040180","acres":0.456,"address":"2308 Timberview Drive","number":"2308","street":"Timberview Drive"},"geometry":{"type":"Polygon","coordinates":[[[-93.72354162962377,41.48975732525637],[-93.72354099831306,41.48999060675897],[-93.72439876172712,41.48999321679465],[-93.72439938998141,41.48975993618794],[-93.72354162962377,41.48975732525637]]]}},{"type":"Feature","id":"63233040190","properties":{"id":"63233040190","pin":"63233040190","acres":0.429,"address":"2304 Timberview Dr","number":"2304","street":"Timberview Dr"},"geometry":{"type":"Polygon","coordinates":[[[-93.72354222400921,41.489537767188025],[-93.72354162962377,41.48975732525637],[-93.72439938998141,41.48975993618794],[-93.72439998028682,41.489540377217274],[-93.72354222400921,41.489537767188025]]]}},{"type":"Feature","id":"63222010100","properties":{"id":"63222010100","pin":"63222010100","acres":0.325,"address":"2121 Autumn Blaze Drive","number":"2121","street":"Autumn Blaze Drive"},"geometry":{"type":"Polygon","coordinates":[[[-93.71482948742279,41.48579717739986],[-93.71457747610384,41.48588593998798],[-93.71453994957824,41.48592110278051],[-93.71460725704846,41.48620245996507],[-93.71508971591217,41.48617370922066],[-93.71482948742279,41.48579717739986]]]}},{"type":"Feature","id":"63222010110","properties":{"id":"63222010110","pin":"63222010110","acres":0.25,"address":"2201 Autumn Blaze Dr","number":"2201","street":"Autumn Blaze Dr"},"geometry":{"type":"Polygon","coordinates":[[[-93.7150650886916,41.48569689861185],[-93.71482948742279,41.48579717739986],[-93.71506621297337,41.48613969792476],[-93.71528072398321,41.48609860417267],[-93.71522704673458,41.48590532685459],[-93.7150650886916,41.48569689861185]]]}},{"type":"Feature","id":"63222010120","properties":{"id":"63222010120","pin":"63222010120","acres":0.347,"address":"2209 Autumn Blaze Dr","number":"2209","street":"Autumn Blaze Dr"},"geometry":{"type":"Polygon","coordinates":[[[-93.71549771784201,41.48551549147228],[-93.7150650886916,41.48569689861185],[-93.71522704673458,41.48590532685459],[-93.71572739067962,41.48578581777903],[-93.7155817584042,41.485549386277576],[-93.71551203522746,41.485515717818416],[-93.71549771784201,41.48551549147228]]]}},{"type":"Feature","id":"63222010130","properties":{"id":"63222010130","pin":"63222010130","acres":0.245,"address":"2311 Autumn Blaze Drive","number":"2311","street":"Autumn Blaze Drive"},"geometry":{"type":"Polygon","coordinates":[[[-93.71572739067962,41.48578581777903],[-93.71522704673458,41.48590532685459],[-93.71528072398321,41.48609860417267],[-93.71572339955367,41.48601381389308],[-93.71576673730641,41.48592147185424],[-93.71574899076819,41.485842602457026],[-93.71572739067962,41.48578581777903]]]}},{"type":"Feature","id":"63222010160","properties":{"id":"63222010160","pin":"63222010160","acres":0.389,"address":"2323 Autumn Blaze Dr","number":"2323","street":"Autumn Blaze Dr"},"geometry":{"type":"Polygon","coordinates":[[[-93.71607777537034,41.486201318917644],[-93.7159831075782,41.48623417485827],[-93.7159133191915,41.48623653639551],[-93.71585642271015,41.48662534997091],[-93.71651811056842,41.48662361181853],[-93.71607777537034,41.486201318917644]]]}},{"type":"Feature","id":"63222010250","properties":{"id":"63222010250","pin":"63222010250","acres":0.21,"address":"2204 Autumn Blaze Drive","number":"2204","street":"Autumn Blaze Drive"},"geometry":{"type":"Polygon","coordinates":[[[-93.71494110686191,41.485087845175734],[-93.71475956296071,41.48520800653091],[-93.7150101615023,41.48553034093014],[-93.71521499236188,41.485440345152654],[-93.71494110686191,41.485087845175734]]]}},{"type":"Feature","id":"63222020010","properties":{"id":"63222020010","pin":"63222020010","acres":0.252,"address":"1617 Silver Maple Dr","number":"1617","street":"Silver Maple Dr"},"geometry":{"type":"Polygon","coordinates":[[[-93.71660456774886,41.48313219531589],[-93.71660275745249,41.4833654739428],[-93.71707819269257,41.483367563092294],[-93.71707909003858,41.48313427446272],[-93.71660456774886,41.48313219531589]]]}},{"type":"Feature","id":"63222020080","properties":{"id":"63222020080","pin":"63222020080","acres":0.213,"address":"1727 Silver Maple Dr","number":"1727","street":"Silver Maple Dr"},"geometry":{"type":"Polygon","coordinates":[[[-93.71602428663715,41.48421753045492],[-93.71583603594354,41.48430296492331],[-93.71604729037303,41.48462068294335],[-93.71630574828266,41.48451252518803],[-93.71602428663715,41.48421753045492]]]}},{"type":"Feature","id":"63222020090","properties":{"id":"63222020090","pin":"63222020090","acres":0.205,"address":"1801 Silver Maple Dr","number":"1801","street":"Silver Maple Dr"},"geometry":{"type":"Polygon","coordinates":[[[-93.71583603594354,41.48430296492331],[-93.71563223432409,41.484364942261706],[-93.71577161995617,41.4846980470443],[-93.71604729037303,41.48462068294335],[-93.71583603594354,41.48430296492331]]]}},{"type":"Feature","id":"63222020140","properties":{"id":"63222020140","pin":"63222020140","acres":0.198,"address":"1825 Silver Maple Drive","number":"1825","street":"Silver Maple Drive"},"geometry":{"type":"Polygon","coordinates":[[[-93.7147358357122,41.484760474114864],[-93.71456828482326,41.48487238741543],[-93.71485500187683,41.4851477042705],[-93.71506044715987,41.48500487963168],[-93.7147358357122,41.484760474114864]]]}},{"type":"Feature","id":"63222020230","properties":{"id":"63222020230","pin":"63222020230","acres":0.406,"address":"1858 Silver Maple Dr","number":"1858","street":"Silver Maple Dr"},"geometry":{"type":"Polygon","coordinates":[[[-93.71272498551728,41.48486579810309],[-93.71254539641646,41.48490760544165],[-93.71254151064375,41.485204216425664],[-93.71302669419734,41.485348210530745],[-93.71316555877715,41.48518610589373],[-93.71272498551728,41.48486579810309]]]}},{"type":"Feature","id":"63222020330","properties":{"id":"63222020330","pin":"63222020330","acres":0.167,"address":"1814 Silver Maple Drive","number":"1814","street":"Silver Maple Drive"},"geometry":{"type":"Polygon","coordinates":[[[-93.71480186528879,41.48407415940711],[-93.71460364277141,41.484171717516034],[-93.71487209099737,41.484449101427295],[-93.71503248511928,41.48437016106873],[-93.71480186528879,41.48407415940711]]]}},{"type":"Feature","id":"63223000080","properties":{"id":"63223000080","pin":"63223000080","acres":0.884,"address":"1808 Magnolia Cir","number":"1808","street":"Magnolia Cir"},"geometry":{"type":"Polygon","coordinates":[[[-93.71248748056662,41.48888706229392],[-93.71248443415782,41.48923061056804],[-93.7131865070913,41.489442001002146],[-93.71325184379306,41.48937449729164],[-93.71337222958005,41.48933621615308],[-93.71330880067019,41.488891140588926],[-93.71248748056662,41.48888706229392]]]}},{"type":"Feature","id":"63223000120","properties":{"id":"63223000120","pin":"63223000120","acres":0.843,"address":"1819 Magnolia Cir","number":"1819","street":"Magnolia Cir"},"geometry":{"type":"Polygon","coordinates":[[[-93.71407900274419,41.48945783366215],[-93.71376424125805,41.48954858335562],[-93.71401551700811,41.490263492637915],[-93.71463016518992,41.49026602223479],[-93.71432046494533,41.489811900886224],[-93.71407900274419,41.48945783366215]]]}},{"type":"Feature","id":"63223000280","properties":{"id":"63223000280","pin":"63223000280","acres":0.492,"address":"1912 Redbud St","number":"1912","street":"Redbud St"},"geometry":{"type":"Polygon","coordinates":[[[-93.71517784865101,41.487207785671536],[-93.71511744615401,41.487754078859055],[-93.71527092679796,41.48802883000872],[-93.71565707393023,41.48788711050086],[-93.71517784865101,41.487207785671536]]]}},{"type":"Feature","id":"63223000290","properties":{"id":"63223000290","pin":"63223000290","acres":0.703,"address":"1904 Redbud St","number":"1904","street":"Redbud St"},"geometry":{"type":"Polygon","coordinates":[[[-93.71445553244881,41.4877127069439],[-93.71441021474183,41.48813384864543],[-93.71444477228044,41.48818215632394],[-93.71450043657582,41.48819677507139],[-93.714773511947,41.488154189733784],[-93.71527092679796,41.48802883000872],[-93.71511744495655,41.48775407886127],[-93.71445553244881,41.4877127069439]]]}},{"type":"Feature","id":"63223000300","properties":{"id":"63223000300","pin":"63223000300","acres":0.415,"address":"2041 Crabapple Dr","number":"2041","street":"Crabapple Dr"},"geometry":{"type":"Polygon","coordinates":[[[-93.71448572582533,41.487439570908485],[-93.71445553244881,41.4877127069439],[-93.71511744375312,41.48775407706266],[-93.71514763438755,41.48748094175788],[-93.71448572582533,41.487439570908485]]]}},{"type":"Feature","id":"63223000350","properties":{"id":"63223000350","pin":"63223000350","acres":0.505,"address":"2024 Crabapple Dr","number":"2024","street":"Crabapple Dr"},"geometry":{"type":"Polygon","coordinates":[[[-93.71350510011037,41.4868491788688],[-93.71350569215642,41.48712482497977],[-93.71429562228278,41.48717418702641],[-93.71432581607846,41.48690105099431],[-93.71350510011037,41.4868491788688]]]}},{"type":"Feature","id":"63223000410","properties":{"id":"63223000410","pin":"63223000410","acres":0.645,"address":"1802 50th Ave","number":"1802","street":"50th Ave"},"geometry":{"type":"Polygon","coordinates":[[[-93.71293644456937,41.48758278600439],[-93.71249903825672,41.48758359033319],[-93.71249331290564,41.488229290272166],[-93.71293069733252,41.48823147182269],[-93.71293644456937,41.48758278600439]]]}},{"type":"Feature","id":"63223020030","properties":{"id":"63223020030","pin":"63223020030","acres":0.959,"address":"Redbud St","number":"","street":"Redbud St"},"geometry":{"type":"Polygon","coordinates":[[[-93.71575521723143,41.48662517140446],[-93.7163018671615,41.487651438618315],[-93.71659774441967,41.487578982438336],[-93.71628015749971,41.486626099125125],[-93.71575521723143,41.48662517140446]]]}},{"type":"Feature","id":"63223020190","properties":{"id":"63223020190","pin":"63223020190","acres":0.324,"address":"2711 Blooming Heights Dr","number":"2711","street":"Blooming Heights Dr"},"geometry":{"type":"Polygon","coordinates":[[[-93.72150296931154,41.48748964517093],[-93.72150106780512,41.48793272652036],[-93.72183025718715,41.48792737749877],[-93.72182061468074,41.48750287154158],[-93.72150296931154,41.48748964517093]]]}},{"type":"Feature","id":"63223020250","properties":{"id":"63223020250","pin":"63223020250","acres":0.357,"address":"2511 Blooming Heights Dr","number":"2511","street":"Blooming Heights Dr"},"geometry":{"type":"Polygon","coordinates":[[[-93.71984454482596,41.487527244714094],[-93.7194724598446,41.48763498120993],[-93.71976422167322,41.488052287657005],[-93.72000683040551,41.48800302525682],[-93.71984454482596,41.487527244714094]]]}},{"type":"Feature","id":"63223030040","properties":{"id":"63223030040","pin":"63223030040","acres":0.37,"address":"2221 Green Leaf Cir","number":"2221","street":"Green Leaf Cir"},"geometry":{"type":"Polygon","coordinates":[[[-93.72054086490687,41.487948578931274],[-93.72019089644813,41.48796565045655],[-93.72025349166249,41.488465286191094],[-93.72054069597638,41.48845781653545],[-93.72054094943526,41.48795304938158],[-93.72054086490687,41.487948578931274]]]}},{"type":"Feature","id":"63223030090","properties":{"id":"63223030090","pin":"63223030090","acres":0.362,"address":"2251 Green Leaf Cir","number":"2251","street":"Green Leaf Cir"},"geometry":{"type":"Polygon","coordinates":[[[-93.72203738443801,41.48792669918848],[-93.72173809160466,41.48792887962703],[-93.72173788495533,41.488458150885776],[-93.72203718310236,41.48845823321106],[-93.72203738443801,41.48792669918848]]]}},{"type":"Feature","id":"63223030130","properties":{"id":"63223030130","pin":"63223030130","acres":0.609,"address":"2275 Green Leaf Cir","number":"2275","street":"Green Leaf Cir"},"geometry":{"type":"Polygon","coordinates":[[[-93.72354561400215,41.488285876169456],[-93.72270612524169,41.48868699334081],[-93.72279790147478,41.488862310379844],[-93.72354034877758,41.488758921132074],[-93.72354519705861,41.48843997215221],[-93.72354561400215,41.488285876169456]]]}},{"type":"Feature","id":"63223030170","properties":{"id":"63223030170","pin":"63223030170","acres":0.816,"address":"2313 Green Leaf Cir","number":"2313","street":"Green Leaf Cir"},"geometry":{"type":"Polygon","coordinates":[[[-93.72275331993903,41.48947668330868],[-93.72261228077006,41.489632414070094],[-93.72349095907873,41.49029882251753],[-93.72354016360782,41.49029892284059],[-93.72353401352828,41.489728636227184],[-93.72275331993903,41.48947668330868]]]}},{"type":"Feature","id":"63223030180","properties":{"id":"63223030180","pin":"63223030180","acres":0.753,"address":"2319 Green Leaf Cir","number":"2319","street":"Green Leaf Cir"},"geometry":{"type":"Polygon","coordinates":[[[-93.72261228077006,41.489632414070094],[-93.72240395704182,41.489737112785626],[-93.72271657575268,41.49029723921199],[-93.72349095907873,41.49029882251753],[-93.72261228077006,41.489632414070094]]]}},{"type":"Feature","id":"63223030240","properties":{"id":"63223030240","pin":"63223030240","acres":0.539,"address":"2310 Redbud St","number":"2310","street":"Redbud St"},"geometry":{"type":"Polygon","coordinates":[[[-93.72063957699109,41.489775133447765],[-93.7203535889223,41.489806934999805],[-93.72021833129173,41.489846104418696],[-93.72017553123897,41.48987795107299],[-93.72016843277653,41.48992291018764],[-93.72025159762573,41.49016339850341],[-93.72026286562294,41.49028905113027],[-93.72070016581245,41.49029082711313],[-93.72070042315309,41.48977515244505],[-93.72063957699109,41.489775133447765]]]}},{"type":"Feature","id":"63223030320","properties":{"id":"63223030320","pin":"63223030320","acres":0.454,"address":"2322 Green Leaf Circle","number":"2322","street":"Green Leaf Circle"},"geometry":{"type":"Polygon","coordinates":[[[-93.72211439913886,41.48912226195639],[-93.72211416791528,41.489610607890235],[-93.72229908536524,41.48959091787125],[-93.72248456290447,41.48949371069563],[-93.72256085058386,41.48939513399513],[-93.72258085991957,41.48933990484782],[-93.72258889341978,41.489124027797295],[-93.72211439913886,41.48912226195639]]]}},{"type":"Feature","id":"63223040040","properties":{"id":"63223040040","pin":"63223040040","acres":0.351,"address":"2617 Bluebell Dr","number":"2617","street":"Bluebell Dr"},"geometry":{"type":"Polygon","coordinates":[[[-93.72031939126568,41.48586524883005],[-93.72031783169942,41.48641327609145],[-93.72059887001653,41.48641372465132],[-93.72060042125904,41.485865702800126],[-93.72031939126568,41.48586524883005]]]}},{"type":"Feature","id":"63233010020","properties":{"id":"63233010020","pin":"63233010020","acres":0.236,"address":"1608 Timberview Dr","number":"1608","street":"Timberview Dr"},"geometry":{"type":"Polygon","coordinates":[[[-93.7223222139715,41.483467707025],[-93.72181967361561,41.48346995762967],[-93.72182016331753,41.4836757959526],[-93.72232321175007,41.48367354257155],[-93.7223222139715,41.483467707025]]]}},{"type":"Feature","id":"63233010030","properties":{"id":"63233010030","pin":"63233010030","acres":0.236,"address":"1612 Timberview Dr","number":"1612","street":"Timberview Dr"},"geometry":{"type":"Polygon","coordinates":[[[-93.72232321175007,41.48367354257155],[-93.72182016331753,41.4836757959526],[-93.72182065182511,41.48388163426671],[-93.72232420953485,41.48387937810701],[-93.72232321175007,41.48367354257155]]]}},{"type":"Feature","id":"63233010050","properties":{"id":"63233010050","pin":"63233010050","acres":0.236,"address":"1708 Timberview Dr","number":"1708","street":"Timberview Dr"},"geometry":{"type":"Polygon","coordinates":[[[-93.72232520732904,41.48408521453189],[-93.72182114033885,41.48408747347024],[-93.72182162885258,41.48429331176233],[-93.72232620512646,41.4842910500453],[-93.72232520732904,41.48408521453189]]]}},{"type":"Feature","id":"63233010060","properties":{"id":"63233010060","pin":"63233010060","acres":0.237,"address":"1712 Timberview Dr","number":"1712","street":"Timberview Dr"},"geometry":{"type":"Polygon","coordinates":[[[-93.72232620512646,41.4842910500453],[-93.72182162885258,41.48429331176233],[-93.72182211737248,41.48449915094374],[-93.72232720293009,41.48449688554763],[-93.72232620512646,41.4842910500453]]]}},{"type":"Feature","id":"63233010220","properties":{"id":"63233010220","pin":"63233010220","acres":0.268,"address":"2012 Serenity Cir","number":"2012","street":"Serenity Cir"},"geometry":{"type":"Polygon","coordinates":[[[-93.72558795321592,41.48721745097397],[-93.72508056549682,41.48735750555726],[-93.72518777468078,41.487573196434106],[-93.72569254196914,41.48740139029596],[-93.72558795321592,41.48721745097397]]]}},{"type":"Feature","id":"63233010430","properties":{"id":"63233010430","pin":"63233010430","acres":0.617,"address":"1919 Serenity Cir","number":"1919","street":"Serenity Cir"},"geometry":{"type":"Polygon","coordinates":[[[-93.72631496680563,41.485738648321686],[-93.72516463995811,41.486216797051405],[-93.72529559978842,41.48639755015826],[-93.72644905329797,41.48591810012036],[-93.72631496680563,41.485738648321686]]]}},{"type":"Feature","id":"63233010540","properties":{"id":"63233010540","pin":"63233010540","acres":0.396,"address":"1817 Timberview Dr","number":"1817","street":"Timberview Dr"},"geometry":{"type":"Polygon","coordinates":[[[-93.72326200809896,41.4849596563019],[-93.72264419399298,41.485070343395165],[-93.72274479749127,41.48530971255043],[-93.72278452252279,41.48534344614294],[-93.72282830452687,41.48535222380483],[-93.72341047230071,41.485123123837695],[-93.72326200809896,41.4849596563019]]]}},{"type":"Feature","id":"63233010550","properties":{"id":"63233010550","pin":"63233010550","acres":0.279,"address":"1811 Timberview Dr","number":"1811","street":"Timberview Dr"},"geometry":{"type":"Polygon","coordinates":[[[-93.72312824645844,41.48479962865195],[-93.7225965393845,41.484828898525315],[-93.72264419399298,41.485070343395165],[-93.72326200809896,41.4849596563019],[-93.72312824645844,41.48479962865195]]]}},{"type":"Feature","id":"63233010610","properties":{"id":"63233010610","pin":"63233010610","acres":0.351,"address":"1605 Timberview Dr","number":"1605","street":"Timberview Dr"},"geometry":{"type":"Polygon","coordinates":[[[-93.7226628718941,41.483179773427544],[-93.72260383932557,41.48319575886502],[-93.72257287185859,41.483235093256894],[-93.72257222703945,41.483463994596946],[-93.72311967385211,41.48346565740688],[-93.72311829914878,41.483182701952764],[-93.7226628718941,41.483179773427544]]]}},{"type":"Feature","id":"63233020140","properties":{"id":"63233020140","pin":"63233020140","acres":0.761,"address":"1712 Peaceful Cir","number":"1712","street":"Peaceful Cir"},"geometry":{"type":"Polygon","coordinates":[[[-93.72644891903185,41.48461966438805],[-93.7259106290642,41.48469159666858],[-93.72591205724109,41.4852780945343],[-93.72604535000386,41.48537780574004],[-93.72610086037889,41.48545209945381],[-93.72657059561051,41.484742019151746],[-93.72651356903033,41.484711543357776],[-93.72645771994408,41.48464520485632],[-93.72644891903185,41.48461966438805]]]}},{"type":"Feature","id":"63233030050","properties":{"id":"63233030050","pin":"63233030050","acres":0.255,"address":"1909 Timberview Dr","number":"1909","street":"Timberview Dr"},"geometry":{"type":"Polygon","coordinates":[[[-93.72394541885566,41.48582082896319],[-93.72352016443588,41.48608068686408],[-93.72366381427692,41.48622869402103],[-93.72412040148465,41.48600478743165],[-93.72394566018893,41.48582101758541],[-93.72394541885566,41.48582082896319]]]}},{"type":"Feature","id":"63233030090","properties":{"id":"63233030090","pin":"63233030090","acres":0.32,"address":"2950 Blooming Heights Dr","number":"2950","street":"Blooming Heights Dr"},"geometry":{"type":"Polygon","coordinates":[[[-93.72451491011772,41.486533435846376],[-93.72403907650582,41.486730550351005],[-93.72417032272283,41.48690777538087],[-93.72425957652857,41.486933037605795],[-93.72468251738236,41.486761987826455],[-93.724601528254,41.486651550320836],[-93.72451491011772,41.486533435846376]]]}},{"type":"Feature","id":"63233030240","properties":{"id":"63233030240","pin":"63233030240","acres":0.308,"address":"1918 Timberview Dr","number":"1918","street":"Timberview Dr"},"geometry":{"type":"Polygon","coordinates":[[[-93.72364503339311,41.48659011619604],[-93.72313761572735,41.4868005035891],[-93.7232149148833,41.48701916597907],[-93.72378601718235,41.486782368051266],[-93.72364503339311,41.48659011619604]]]}},{"type":"Feature","id":"63233040100","properties":{"id":"63233040100","pin":"63233040100","acres":0.741,"address":"3008 Hillside Cir","number":"3008","street":"Hillside Cir"},"geometry":{"type":"Polygon","coordinates":[[[-93.7257127206201,41.48850482136826],[-93.72532204986821,41.48934987023789],[-93.72551388860057,41.48940836351177],[-93.72560528262242,41.489409993363644],[-93.72609931133219,41.48880922504048],[-93.72582908061881,41.48859644395281],[-93.7257127206201,41.48850482136826]]]}},{"type":"Feature","id":"63233040130","properties":{"id":"63233040130","pin":"63233040130","acres":1.184,"address":"3013 Hillside Cir","number":"3013","street":"Hillside Cir"},"geometry":{"type":"Polygon","coordinates":[[[-93.72586230006652,41.489654655068506],[-93.72579158934197,41.48971444536065],[-93.72569477754024,41.489743075102595],[-93.7257941855744,41.49029649747916],[-93.72691713900159,41.49030106241853],[-93.72691756188193,41.49009056205298],[-93.72586230006652,41.489654655068506]]]}},{"type":"Feature","id":"64222018000","properties":{"id":"64222018000","pin":"64222018000","acres":1.067,"address":"2302 Autumn Blaze Dr","number":"2302","street":"Autumn Blaze Dr"},"geometry":{"type":"Polygon","coordinates":[[[-93.71642261202177,41.48508678463169],[-93.71627056094331,41.485153587971425],[-93.71650053518927,41.48562219586191],[-93.71670258639064,41.485812715875504],[-93.71706556119749,41.48594957084344],[-93.71706958738727,41.48512702346191],[-93.7170482918065,41.485125470568825],[-93.71642261202177,41.48508678463169]]]}},{"type":"Feature","id":"63222010050","properties":{"id":"63222010050","pin":"63222010050","acres":0.239,"address":"2107 Autumn Blaze Drive","number":"2107","street":"Autumn Blaze Drive"},"geometry":{"type":"Polygon","coordinates":[[[-93.71394975268426,41.48604060095131],[-93.71369080960551,41.4861004203352],[-93.71382764074536,41.48646389616405],[-93.71409948761743,41.486402200424614],[-93.71394975268426,41.48604060095131]]]}},{"type":"Feature","id":"63222010071","properties":{"id":"63222010071","pin":"63222010071","acres":0.258,"address":"2008 Crabapple Dr","number":"2008","street":"Crabapple Dr"},"geometry":{"type":"Polygon","coordinates":[[[-93.71438852027595,41.48633659766366],[-93.71382764074536,41.48646389616405],[-93.71388700530268,41.48662184799564],[-93.7143562750857,41.48662268567245],[-93.71436319819693,41.4865611125571],[-93.71438852027595,41.48633659766366]]]}},{"type":"Feature","id":"63222010170","properties":{"id":"63222010170","pin":"63222010170","acres":0.885,"address":"2318 Autumn Blaze Dr","number":"2318","street":"Autumn Blaze Dr"},"geometry":{"type":"Polygon","coordinates":[[[-93.71616250590726,41.486089634801665],[-93.7161254401576,41.486162914963366],[-93.71607777537034,41.486201318917644],[-93.71652131504688,41.48662652499994],[-93.71706224397545,41.48662747777099],[-93.71706443436699,41.48617976677018],[-93.71704562186629,41.48617710079305],[-93.71616250590726,41.486089634801665]]]}},{"type":"Feature","id":"63222010200","properties":{"id":"63222010200","pin":"63222010200","acres":0.304,"address":"2306 Autumn Blaze Dr","number":"2306","street":"Autumn Blaze Dr"},"geometry":{"type":"Polygon","coordinates":[[[-93.71637871208104,41.485373963025154],[-93.71584769490096,41.48557104442653],[-93.71594186471843,41.48574996063927],[-93.71650053518927,41.48562219586191],[-93.71637871208104,41.485373963025154]]]}},{"type":"Feature","id":"63222010330","properties":{"id":"63222010330","pin":"63222010330","acres":0.252,"address":"1914 Silver Maple Dr","number":"1914","street":"Silver Maple Dr"},"geometry":{"type":"Polygon","coordinates":[[[-93.71300669733488,41.48577706606378],[-93.7125304452511,41.48581120918176],[-93.71252379721761,41.486019860800674],[-93.7129635832945,41.486018353247275],[-93.71301554953918,41.48598611237245],[-93.71302606025107,41.4859341105492],[-93.71300669733488,41.48577706606378]]]}},{"type":"Feature","id":"63222010340","properties":{"id":"63222010340","pin":"63222010340","acres":0.175,"address":"1910 Silver Maple Dr","number":"1910","street":"Silver Maple Dr"},"geometry":{"type":"Polygon","coordinates":[[[-93.712986640828,41.48561439428533],[-93.7125357316101,41.48564526273778],[-93.7125304452511,41.48581120918176],[-93.71300669733488,41.48577706606378],[-93.712986640828,41.48561439428533]]]}},{"type":"Feature","id":"63222020040","properties":{"id":"63222020040","pin":"63222020040","acres":0.291,"address":"1707 Silver Maple Dr","number":"1707","street":"Silver Maple Dr"},"geometry":{"type":"Polygon","coordinates":[[[-93.71653505688798,41.48369194036784],[-93.71645084200146,41.48384469860784],[-93.71707467190939,41.48408435846176],[-93.71707588367475,41.483823852104415],[-93.71653505688798,41.48369194036784]]]}},{"type":"Feature","id":"63222020110","properties":{"id":"63222020110","pin":"63222020110","acres":0.2,"address":"1809 Silver Maple Drive","number":"1809","street":"Silver Maple Drive"},"geometry":{"type":"Polygon","coordinates":[[[-93.7153927524367,41.48442175601015],[-93.71514760402835,41.48451027389375],[-93.71540224858201,41.4848393504682],[-93.71557071654968,41.48476854049004],[-93.7153927524367,41.48442175601015]]]}},{"type":"Feature","id":"63222020210","properties":{"id":"63222020210","pin":"63222020210","acres":0.174,"address":"1906 Silver Maple Dr","number":"1906","street":"Silver Maple Dr"},"geometry":{"type":"Polygon","coordinates":[[[-93.71253840847399,41.48544091792676],[-93.7125357316101,41.48564526273778],[-93.71298838990738,41.48561427490995],[-93.71298452143998,41.48547688968488],[-93.71253840847399,41.48544091792676]]]}},{"type":"Feature","id":"63222020280","properties":{"id":"63222020280","pin":"63222020280","acres":0.171,"address":"1834 Silver Maple Dr","number":"1834","street":"Silver Maple Dr"},"geometry":{"type":"Polygon","coordinates":[[[-93.71396269856645,41.4845519292581],[-93.71380252366838,41.48461494368935],[-93.71394927831872,41.484939392021076],[-93.71417998426169,41.484865175184794],[-93.71396269856645,41.4845519292581]]]}},{"type":"Feature","id":"63223000010","properties":{"id":"63223000010","pin":"63223000010","acres":0.594,"address":"1801 Redbud St","number":"1801","street":"Redbud St"},"geometry":{"type":"Polygon","coordinates":[[[-93.71249185453178,41.48839373306367],[-93.71248748056662,41.48888706229392],[-93.7130160370155,41.488889710825475],[-93.71302040819157,41.488396381573395],[-93.71249185453178,41.48839373306367]]]}},{"type":"Feature","id":"63223000090","properties":{"id":"63223000090","pin":"63223000090","acres":0.848,"address":"1801 Magnolia Cir","number":"1801","street":"Magnolia Cir"},"geometry":{"type":"Polygon","coordinates":[[[-93.71248443415782,41.48923061056804],[-93.71247681272963,41.49009007180578],[-93.71322374010448,41.48961496429721],[-93.71317606922773,41.48954330721335],[-93.7131865070913,41.489442001002146],[-93.71248443415782,41.48923061056804]]]}},{"type":"Feature","id":"63223000110","properties":{"id":"63223000110","pin":"63223000110","acres":0.57,"address":"1817 Magnolia Cir","number":"1817","street":"Magnolia Cir"},"geometry":{"type":"Polygon","coordinates":[[[-93.7137642400487,41.48954857975618],[-93.71361916736008,41.48958102621583],[-93.71352141761189,41.48964670897413],[-93.7134443869907,41.4896712391303],[-93.71361538424843,41.49026184426613],[-93.71401551700811,41.490263492637915],[-93.71385611932814,41.48980998961761],[-93.7137642400487,41.48954857975618]]]}},{"type":"Feature","id":"63223000160","properties":{"id":"63223000160","pin":"63223000160","acres":0.834,"address":"2224 Crabapple Dr","number":"2224","street":"Crabapple Dr"},"geometry":{"type":"Polygon","coordinates":[[[-93.71535176036447,41.489474321722156],[-93.71486678623194,41.49026630062478],[-93.71548661734833,41.490269540886445],[-93.7156695564379,41.48955105816467],[-93.7155075733526,41.489519912704374],[-93.71535176036447,41.489474321722156]]]}},{"type":"Feature","id":"63223000170","properties":{"id":"63223000170","pin":"63223000170","acres":0.797,"address":"2232 Crabapple Dr","number":"2232","street":"Crabapple Dr"},"geometry":{"type":"Polygon","coordinates":[[[-93.7156695564379,41.48955105816467],[-93.7154866173513,41.49026954178687],[-93.71608298748329,41.49027198875894],[-93.71607825433765,41.489642228868284],[-93.71594281595307,41.489576542761625],[-93.71577911048364,41.489563497633675],[-93.7156695564379,41.48955105816467]]]}},{"type":"Feature","id":"63223000260","properties":{"id":"63223000260","pin":"63223000260","acres":0.463,"address":"1909 Redbud St","number":"1909","street":"Redbud St"},"geometry":{"type":"Polygon","coordinates":[[[-93.71555364219711,41.48811276342914],[-93.71523015835368,41.48821808698217],[-93.71545813226084,41.48864663768901],[-93.71591569416523,41.488646717406894],[-93.71555364219711,41.48811276342914]]]}},{"type":"Feature","id":"63223000400","properties":{"id":"63223000400","pin":"63223000400","acres":0.54,"address":"1810 Redbud St","number":"1810","street":"Redbud St"},"geometry":{"type":"Polygon","coordinates":[[[-93.7133009498217,41.48758211446698],[-93.71293644456937,41.48758278600439],[-93.71293069733252,41.48823147182269],[-93.71329517246896,41.48823330894981],[-93.7133009498217,41.48758211446698]]]}},{"type":"Feature","id":"63223020010","properties":{"id":"63223020010","pin":"63223020010","acres":0.815,"address":"Redbud St","number":"","street":"Redbud St"},"geometry":{"type":"Polygon","coordinates":[[[-93.71524100314642,41.486708443538085],[-93.71517783431989,41.48720779740374],[-93.71566181538911,41.48789383143915],[-93.71598162746366,41.48776736073261],[-93.71524100314642,41.486708443538085]]]}},{"type":"Feature","id":"63223020140","properties":{"id":"63223020140","pin":"63223020140","acres":0.259,"address":"2604 Blooming Heights Dr","number":"2604","street":"Blooming Heights Dr"},"geometry":{"type":"Polygon","coordinates":[[[-93.72020023854957,41.48692399897668],[-93.72019864353273,41.487314901918296],[-93.72049063102565,41.487314392562816],[-93.72049222829204,41.48692467456949],[-93.72020023854957,41.48692399897668]]]}},{"type":"Feature","id":"63223020290","properties":{"id":"63223020290","pin":"63223020290","acres":0.599,"address":"2201 Redbud St","number":"2201","street":"Redbud St"},"geometry":{"type":"Polygon","coordinates":[[[-93.71880832000151,41.4883049725524],[-93.71798972227181,41.48877646427584],[-93.71822762023211,41.48890120362598],[-93.71904220772718,41.488593575387455],[-93.71891990375768,41.48842588572795],[-93.71880832000151,41.4883049725524]]]}},{"type":"Feature","id":"63223020310","properties":{"id":"63223020310","pin":"63223020310","acres":0.641,"address":"2113 Redbud St","number":"2113","street":"Redbud St"},"geometry":{"type":"Polygon","coordinates":[[[-93.71808986798159,41.48785808230317],[-93.7176101531452,41.488577440330005],[-93.71779649457655,41.48867514683652],[-93.7184828170937,41.488050874607524],[-93.71829359329382,41.487946122500894],[-93.71808986798159,41.48785808230317]]]}},{"type":"Feature","id":"63223030020","properties":{"id":"63223030020","pin":"63223030020","acres":0.328,"address":"2209 Green Leaf Cir","number":"2209","street":"Green Leaf Cir"},"geometry":{"type":"Polygon","coordinates":[[[-93.71983783386452,41.488037340295044],[-93.71976422167322,41.488052287657005],[-93.71951342348089,41.48816165496373],[-93.71970072226387,41.488556700394355],[-93.71997335173072,41.48849815529945],[-93.7198401318065,41.48804267184801],[-93.71983783386452,41.488037340295044]]]}},{"type":"Feature","id":"63223030060","properties":{"id":"63223030060","pin":"63223030060","acres":0.352,"address":"2233 Green Leaf Cir","number":"2233","street":"Green Leaf Cir"},"geometry":{"type":"Polygon","coordinates":[[[-93.72113945967233,41.48793869754791],[-93.72084070893638,41.48794362992962],[-93.72083999292288,41.48845790196045],[-93.72113929106459,41.48845798570841],[-93.72113948725291,41.487939063067884],[-93.72113945967233,41.48793869754791]]]}},{"type":"Feature","id":"63223030080","properties":{"id":"63223030080","pin":"63223030080","acres":0.359,"address":"2245 Green Leaf Cir","number":"2245","street":"Green Leaf Cir"},"geometry":{"type":"Polygon","coordinates":[[[-93.72173809160466,41.48792887962703],[-93.7214387899164,41.487933755181444],[-93.72143858800958,41.48845806868428],[-93.72173788495533,41.488458150885776],[-93.72173809160466,41.48792887962703]]]}},{"type":"Feature","id":"63223030160","properties":{"id":"63223030160","pin":"63223030160","acres":0.535,"address":"2307 Green Leaf Cir","number":"2307","street":"Green Leaf Cir"},"geometry":{"type":"Polygon","coordinates":[[[-93.72280655824882,41.48929257623345],[-93.72275331993903,41.48947668330868],[-93.72354169867397,41.489731629696664],[-93.7235368460769,41.4893044531489],[-93.72280655824882,41.48929257623345]]]}},{"type":"Feature","id":"63223030280","properties":{"id":"63223030280","pin":"63223030280","acres":0.327,"address":"2346 Green Leaf Cir","number":"2346","street":"Green Leaf Cir"},"geometry":{"type":"Polygon","coordinates":[[[-93.72094641084071,41.489117907538294],[-93.72094616056717,41.48961028559278],[-93.7212381615248,41.48961037312716],[-93.7212384082,41.48911899724782],[-93.72094641084071,41.489117907538294]]]}},{"type":"Feature","id":"63223030420","properties":{"id":"63223030420","pin":"63223030420","acres":0.538,"address":"2209 Redbud St","number":"2209","street":"Redbud St"},"geometry":{"type":"Polygon","coordinates":[[[-93.71920602864797,41.488838820894884],[-93.71842839904868,41.48913504053395],[-93.7186283351251,41.48936674916962],[-93.71937034858315,41.48908823777991],[-93.71927248484604,41.48893831707114],[-93.71920602864797,41.488838820894884]]]}},{"type":"Feature","id":"63223030450","properties":{"id":"63223030450","pin":"63223030450","acres":0.52,"address":"2307 Redbud St","number":"2307","street":"Redbud St"},"geometry":{"type":"Polygon","coordinates":[[[-93.71969643453652,41.48957929418653],[-93.71896537024793,41.48985375479776],[-93.71910246894494,41.49010905106987],[-93.71985948176562,41.48982482831981],[-93.7196964537965,41.489579323863964],[-93.71969643453652,41.48957929418653]]]}},{"type":"Feature","id":"63223040060","properties":{"id":"63223040060","pin":"63223040060","acres":0.379,"address":"2633 Bluebell Dr","number":"2633","street":"Bluebell Dr"},"geometry":{"type":"Polygon","coordinates":[[[-93.72088136194098,41.48590707970886],[-93.72087990714303,41.48641417343107],[-93.72134789162907,41.48641491856503],[-93.72112673254466,41.48594948289019],[-93.72101446152244,41.48595789582961],[-93.72091004411013,41.48592575739481],[-93.72088136194098,41.48590707970886]]]}},{"type":"Feature","id":"63223040160","properties":{"id":"63223040160","pin":"63223040160","acres":0.325,"address":"1908 Bluebell Drive","number":"1908","street":"Bluebell Drive"},"geometry":{"type":"Polygon","coordinates":[[[-93.71914940537872,41.48535771774592],[-93.71897926015366,41.48578453024486],[-93.71949019762977,41.48578535193717],[-93.71950032683114,41.48573146654646],[-93.71955602014485,41.48566190650974],[-93.71914940537872,41.48535771774592]]]}},{"type":"Feature","id":"63233010010","properties":{"id":"63233010010","pin":"63233010010","acres":0.327,"address":"1604 Timberview Dr","number":"1604","street":"Timberview Dr"},"geometry":{"type":"Polygon","coordinates":[[[-93.72181898255148,41.483178612487634],[-93.72181967361561,41.48346995762967],[-93.7223222139715,41.483467707025],[-93.72231940352785,41.483236211897776],[-93.72228928942192,41.48319762076906],[-93.72222506017582,41.48318122676005],[-93.72181898255148,41.483178612487634]]]}},{"type":"Feature","id":"63233010120","properties":{"id":"63233010120","pin":"63233010120","acres":0.478,"address":"1824 Timberview Dr","number":"1824","street":"Timberview Dr"},"geometry":{"type":"Polygon","coordinates":[[[-93.72254942888875,41.4854648510968],[-93.72182502447222,41.48572355361822],[-93.72182575997965,41.4860336363419],[-93.72267369906953,41.485637410877935],[-93.7226083310851,41.48555244734609],[-93.72254942888875,41.4854648510968]]]}},{"type":"Feature","id":"63233010310","properties":{"id":"63233010310","pin":"63233010310","acres":0.497,"address":"2123 Serenity Cir","number":"2123","street":"Serenity Cir"},"geometry":{"type":"Polygon","coordinates":[[[-93.72746634790937,41.48830686486326],[-93.72689983351516,41.4883559800087],[-93.7268948530459,41.48841325772971],[-93.72684138817837,41.488488813723016],[-93.72746488622325,41.48889613397174],[-93.72746634790937,41.48830686486326]]]}},{"type":"Feature","id":"63233010320","properties":{"id":"63233010320","pin":"63233010320","acres":0.372,"address":"2119 Serenity Cir","number":"2119","street":"Serenity Cir"},"geometry":{"type":"Polygon","coordinates":[[[-93.72727436823642,41.487943759369266],[-93.72677276512186,41.488212401530745],[-93.72687124963453,41.48828220479294],[-93.72689983351516,41.4883559800087],[-93.72746634790937,41.48830686486326],[-93.72746650790461,41.48824234186653],[-93.72727436823642,41.487943759369266]]]}},{"type":"Feature","id":"63233010390","properties":{"id":"63233010390","pin":"63233010390","acres":0.627,"address":"2009 Serenity Cir","number":"2009","street":"Serenity Cir"},"geometry":{"type":"Polygon","coordinates":[[[-93.72688626931296,41.48650323423793],[-93.7256824298569,41.486937219019154],[-93.72578557354133,41.48712233344356],[-93.72671441333104,41.48685705581895],[-93.7268079087979,41.486664565018046],[-93.72688626931296,41.48650323423793]]]}},{"type":"Feature","id":"63233010410","properties":{"id":"63233010410","pin":"63233010410","acres":0.426,"address":"2001 Serenity Cir","number":"2001","street":"Serenity Cir"},"geometry":{"type":"Polygon","coordinates":[[[-93.72641911633603,41.48616558134703],[-93.72542655914518,41.48657830311068],[-93.72555752042314,41.48675905590396],[-93.72615665788385,41.48650947305264],[-93.72641911633603,41.48616558134703]]]}},{"type":"Feature","id":"63233010450","properties":{"id":"63233010450","pin":"63233010450","acres":0.617,"address":"1911 Serenity Cir","number":"1911","street":"Serenity Cir"},"geometry":{"type":"Polygon","coordinates":[[[-93.72604535000386,41.48537780574004],[-93.72490283921213,41.485855462121634],[-93.7250336808516,41.48603604378773],[-93.72618088224648,41.4855591963568],[-93.72604535000386,41.48537780574004]]]}},{"type":"Feature","id":"63233020110","properties":{"id":"63233020110","pin":"63233020110","acres":0.375,"address":"1702 Peaceful Cir","number":"1702","street":"Peaceful Cir"},"geometry":{"type":"Polygon","coordinates":[[[-93.72631426037506,41.483902740179275],[-93.72599220578734,41.48390369218618],[-93.72599291925266,41.48419648512595],[-93.72656012336192,41.4841949145581],[-93.72655453041523,41.48394917485045],[-93.72649660947947,41.48390538979166],[-93.726401822412,41.48390305235923],[-93.72631426037506,41.483902740179275]]]}},{"type":"Feature","id":"63233020320","properties":{"id":"63233020320","pin":"63233020320","acres":0.339,"address":"2900 Partlow St","number":"2900","street":"Partlow St"},"geometry":{"type":"Polygon","coordinates":[[[-93.72364853732925,41.48318306911956],[-93.72365139248492,41.48374634425077],[-93.72391614871904,41.483745672668114],[-93.72391377992075,41.48318417493978],[-93.72364853732925,41.48318306911956]]]}},{"type":"Feature","id":"63233030020","properties":{"id":"63233030020","pin":"63233030020","acres":0.355,"address":"1827 Serenity Cir","number":"1827","street":"Serenity Cir"},"geometry":{"type":"Polygon","coordinates":[[[-93.72333108136225,41.48534170608183],[-93.7229551472081,41.485494885094276],[-93.7229227050542,41.48553148059995],[-93.7229279127697,41.485577865008516],[-93.72316797845237,41.48580231318594],[-93.723555692573,41.485516882285374],[-93.72333108136225,41.48534170608183]]]}},{"type":"Feature","id":"63233030210","properties":{"id":"63233030210","pin":"63233030210","acres":0.36,"address":"2804 Blooming Heights Dr","number":"2804","street":"Blooming Heights Dr"},"geometry":{"type":"Polygon","coordinates":[[[-93.72285605196582,41.4866772684628],[-93.72263674347433,41.486774750337865],[-93.72270251485898,41.487325638245665],[-93.72300119327653,41.48729579361867],[-93.72285605196582,41.4866772684628]]]}},{"type":"Feature","id":"63233040150","properties":{"id":"63233040150","pin":"63233040150","acres":0.352,"address":"3005 Hillside Cir","number":"3005","street":"Hillside Cir"},"geometry":{"type":"Polygon","coordinates":[[[-93.72513480311677,41.48947969161028],[-93.72496003112776,41.49000320643075],[-93.72518699997362,41.49000334111265],[-93.72546803330005,41.48966158848317],[-93.72538695535587,41.48955321554895],[-93.72523931283274,41.48950264890498],[-93.72513480311677,41.48947969161028]]]}},{"type":"Feature","id":"63233040160","properties":{"id":"63233040160","pin":"63233040160","acres":0.489,"address":"3001 Hillside Cir","number":"3001","street":"Hillside Cir"},"geometry":{"type":"Polygon","coordinates":[[[-93.72474704053414,41.48944953491106],[-93.72468245053939,41.489469532758356],[-93.72465674498687,41.48950728347738],[-93.724654288828,41.49000302261117],[-93.72496003112776,41.49000320643075],[-93.72513480311677,41.48947969161028],[-93.7248113534811,41.489449632351466],[-93.72474704053414,41.48944953491106]]]}},{"type":"Feature","id":"63233040270","properties":{"id":"63233040270","pin":"63233040270","acres":0.415,"address":"2110 Timberview Dr","number":"2110","street":"Timberview Dr"},"geometry":{"type":"Polygon","coordinates":[[[-93.72439162616824,41.48774484919807],[-93.72354683929555,41.487833287615494],[-93.7235463857715,41.48800085405036],[-93.72440411985505,41.48800217194341],[-93.72439581820858,41.48776952712983],[-93.72439162616824,41.48774484919807]]]}},{"type":"Feature","id":"63222010030","properties":{"id":"63222010030","pin":"63222010030","acres":0.309,"address":"2013 Autumn Blaze Dr","number":"2013","street":"Autumn Blaze Dr"},"geometry":{"type":"Polygon","coordinates":[[[-93.71343371082915,41.48614614047381],[-93.71317228608433,41.48617483736386],[-93.71323256698604,41.48662067727375],[-93.71355357672427,41.48661833917407],[-93.71343371082915,41.48614614047381]]]}},{"type":"Feature","id":"63222010140","properties":{"id":"63222010140","pin":"63222010140","acres":0.369,"address":"2315 Autumn Blaze Dr","number":"2315","street":"Autumn Blaze Dr"},"geometry":{"type":"Polygon","coordinates":[[[-93.71572339955367,41.48601381389308],[-93.71506621297337,41.48613969792476],[-93.71529132778969,41.48646541329789],[-93.71576305144475,41.48617517544299],[-93.71572562854678,41.486125798368626],[-93.71571451720851,41.486041517644196],[-93.71572339955367,41.48601381389308]]]}},{"type":"Feature","id":"63222010230","properties":{"id":"63222010230","pin":"63222010230","acres":0.238,"address":"2212 Autumn Blaze Dr","number":"2212","street":"Autumn Blaze Dr"},"geometry":{"type":"Polygon","coordinates":[[[-93.71544100966466,41.48482305891161],[-93.71511950132863,41.48496382566042],[-93.71537700015207,41.48529518853004],[-93.7154430477013,41.48523931207271],[-93.71553456993445,41.48521011545188],[-93.71544159071048,41.48482532870349],[-93.71544100966466,41.48482305891161]]]}},{"type":"Feature","id":"63222010270","properties":{"id":"63222010270","pin":"63222010270","acres":0.211,"address":"2122 Autumn Blaze Drive","number":"2122","street":"Autumn Blaze Drive"},"geometry":{"type":"Polygon","coordinates":[[[-93.71455621196324,41.48529426739843],[-93.71435368433646,41.48536045228869],[-93.71455835053045,41.485712215828535],[-93.71479905791168,41.48562254052634],[-93.71455971479838,41.48529911149476],[-93.71455621196324,41.48529426739843]]]}},{"type":"Feature","id":"63222010280","properties":{"id":"63222010280","pin":"63222010280","acres":0.211,"address":"2118 Autumn Blaze Drive","number":"2118","street":"Autumn Blaze Drive"},"geometry":{"type":"Polygon","coordinates":[[[-93.71435368433646,41.48536045228869],[-93.71415060574223,41.485424523642926],[-93.71430736190256,41.485784200103396],[-93.71455835053045,41.485712215828535],[-93.71435687352756,41.48536569135871],[-93.71435368433646,41.48536045228869]]]}},{"type":"Feature","id":"63222010290","properties":{"id":"63222010290","pin":"63222010290","acres":0.206,"address":"2114 Autumn Blaze Dr","number":"2114","street":"Autumn Blaze Dr"},"geometry":{"type":"Polygon","coordinates":[[[-93.71415060574223,41.485424523642926],[-93.71392644042054,41.48547671110139],[-93.71407634109161,41.485838528251776],[-93.71430736190256,41.485784200103396],[-93.71415403304118,41.48543227086363],[-93.71415060574223,41.485424523642926]]]}},{"type":"Feature","id":"63222010300","properties":{"id":"63222010300","pin":"63222010300","acres":0.205,"address":"2110 Autumn Blaze Dr","number":"2110","street":"Autumn Blaze Dr"},"geometry":{"type":"Polygon","coordinates":[[[-93.71392644042054,41.48547671110139],[-93.71369934084115,41.485529581565345],[-93.71384982766317,41.485891562697226],[-93.71407634109161,41.485838528251776],[-93.71392982200585,41.485484767259095],[-93.71392644042054,41.48547671110139]]]}},{"type":"Feature","id":"63222020070","properties":{"id":"63222020070","pin":"63222020070","acres":0.222,"address":"1719 Silver Maple Dr","number":"1719","street":"Silver Maple Dr"},"geometry":{"type":"Polygon","coordinates":[[[-93.716192213351,41.484110811575306],[-93.71602428663715,41.48421753045492],[-93.71630574828266,41.48451252518803],[-93.71655921691259,41.48438918960631],[-93.716192213351,41.484110811575306]]]}},{"type":"Feature","id":"63222020220","properties":{"id":"63222020220","pin":"63222020220","acres":0.197,"address":"1902 Silver Maple Dr","number":"1902","street":"Silver Maple Dr"},"geometry":{"type":"Polygon","coordinates":[[[-93.71254151064375,41.485204216425664],[-93.71253840847399,41.48544091792676],[-93.71298458256197,41.48547690577998],[-93.71302664268715,41.485348204322634],[-93.71254151064375,41.485204216425664]]]}},{"type":"Feature","id":"63222020240","properties":{"id":"63222020240","pin":"63222020240","acres":0.321,"address":"1854 Silver Maple Dr","number":"1854","street":"Silver Maple Dr"},"geometry":{"type":"Polygon","coordinates":[[[-93.71319200320818,41.48475707630526],[-93.71272498551728,41.48486579810309],[-93.71316555877715,41.48518610589373],[-93.71337622767732,41.48507637698109],[-93.71319200320818,41.48475707630526]]]}},{"type":"Feature","id":"63222020290","properties":{"id":"63222020290","pin":"63222020290","acres":0.171,"address":"1830 Silver Maple Drive","number":"1830","street":"Silver Maple Drive"},"geometry":{"type":"Polygon","coordinates":[[[-93.71412280857488,41.48448893903502],[-93.71396269856645,41.4845519292581],[-93.71417998426169,41.484865175184794],[-93.71439302029597,41.48476535551279],[-93.71412280857488,41.48448893903502]]]}},{"type":"Feature","id":"63223000200","properties":{"id":"63223000200","pin":"63223000200","acres":1.395,"address":"2249 Crabapple Dr","number":"2249","street":"Crabapple Dr"},"geometry":{"type":"Polygon","coordinates":[[[-93.71634803519181,41.48866480416395],[-93.71620515387181,41.489318972475246],[-93.7163233119816,41.48936225110649],[-93.71638338429932,41.48943180912805],[-93.71723585519787,41.48920401031175],[-93.71717074124633,41.48867119895087],[-93.71634953194554,41.48866693897361],[-93.71634803519181,41.48866480416395]]]}},{"type":"Feature","id":"63223000250","properties":{"id":"63223000250","pin":"63223000250","acres":0.383,"address":"1905 Redbud St","number":"1905","street":"Redbud St"},"geometry":{"type":"Polygon","coordinates":[[[-93.71523015835368,41.48821808698217],[-93.71489496092461,41.488300131987735],[-93.71505427826965,41.48870737097845],[-93.71545813226084,41.48864663768901],[-93.71523015835368,41.48821808698217]]]}},{"type":"Feature","id":"63223000310","properties":{"id":"63223000310","pin":"63223000310","acres":0.415,"address":"2033 Crabapple Dr","number":"2033","street":"Crabapple Dr"},"geometry":{"type":"Polygon","coordinates":[[[-93.71451591775514,41.48716643574836],[-93.71448572582533,41.487439570908485],[-93.71514763438755,41.48748094175788],[-93.71517782476681,41.48720780552533],[-93.71451591775514,41.48716643574836]]]}},{"type":"Feature","id":"63223020020","properties":{"id":"63223020020","pin":"63223020020","acres":1.184,"address":"Crabapple Dr","number":"","street":"Crabapple Dr"},"geometry":{"type":"Polygon","coordinates":[[[-93.71525051663444,41.48662427657632],[-93.71524100314642,41.486708443538085],[-93.71598162746366,41.48776736073261],[-93.7163018671615,41.487651438618315],[-93.71575521723143,41.48662517140446],[-93.71525051663444,41.48662427657632]]]}},{"type":"Feature","id":"63223020040","properties":{"id":"63223020040","pin":"63223020040","acres":0.854,"address":"1928 Redbud St","number":"1928","street":"Redbud St"},"geometry":{"type":"Polygon","coordinates":[[[-93.71628015749971,41.486626099125125],[-93.71659624745226,41.487580032435794],[-93.71690428107095,41.48753868581168],[-93.71676998074139,41.48662696331537],[-93.71628015749971,41.486626099125125]]]}},{"type":"Feature","id":"63223020060","properties":{"id":"63223020060","pin":"63223020060","acres":1.283,"address":"Redbud St","number":"","street":"Redbud St"},"geometry":{"type":"Polygon","coordinates":[[[-93.71742973579335,41.486628074317494],[-93.7173354901821,41.487533936207384],[-93.71779147860946,41.48759640551784],[-93.71816480447164,41.486629264648016],[-93.71742973579335,41.486628074317494]]]}},{"type":"Feature","id":"63223020120","properties":{"id":"63223020120","pin":"63223020120","acres":0.499,"address":"2004 Bluebell Dr","number":"2004","street":"Bluebell Dr"},"geometry":{"type":"Polygon","coordinates":[[[-93.71876501879412,41.486630233594965],[-93.7186179304414,41.48687092257918],[-93.71959607151351,41.48687288407144],[-93.71960453333159,41.48663158277823],[-93.71877955608932,41.48663025652545],[-93.71876501879412,41.486630233594965]]]}},{"type":"Feature","id":"63223020160","properties":{"id":"63223020160","pin":"63223020160","acres":0.259,"address":"2612 Blooming Heights Dr","number":"2612","street":"Blooming Heights Dr"},"geometry":{"type":"Polygon","coordinates":[[[-93.72078421684304,41.48692534942756],[-93.72078262251398,41.48731506742258],[-93.72107461400522,41.487315740644895],[-93.72107620659455,41.48692602264593],[-93.72078421684304,41.48692534942756]]]}},{"type":"Feature","id":"63223020210","properties":{"id":"63223020210","pin":"63223020210","acres":0.323,"address":"2613 Blooming Heights Dr","number":"2613","street":"Blooming Heights Dr"},"geometry":{"type":"Polygon","coordinates":[[[-93.72087517818312,41.48748819111255],[-93.7208732033718,41.48794309336682],[-93.72118737689355,41.48793790630648],[-93.72118907493522,41.48748891676447],[-93.72087517818312,41.48748819111255]]]}},{"type":"Feature","id":"63223020220","properties":{"id":"63223020220","pin":"63223020220","acres":0.327,"address":"2609 Blooming Heights Dr","number":"2609","street":"Blooming Heights Dr"},"geometry":{"type":"Polygon","coordinates":[[[-93.72056127305268,41.48748746372436],[-93.72055974346247,41.48794826740803],[-93.7208732033718,41.48794309336682],[-93.72087517818312,41.48748819111255],[-93.72056127305268,41.48748746372436]]]}},{"type":"Feature","id":"63223030150","properties":{"id":"63223030150","pin":"63223030150","acres":0.383,"address":"2301 Green Leaf Circle","number":"2301","street":"Green Leaf Circle"},"geometry":{"type":"Polygon","coordinates":[[[-93.72280812761825,41.48906884189843],[-93.72280655824882,41.48929257623345],[-93.72354286257281,41.489301705131176],[-93.7235434907869,41.48907032438977],[-93.72280826424385,41.48906887405057],[-93.72280812761825,41.48906884189843]]]}},{"type":"Feature","id":"63223030190","properties":{"id":"63223030190","pin":"63223030190","acres":0.492,"address":"2325 Green Leaf Cir","number":"2325","street":"Green Leaf Cir"},"geometry":{"type":"Polygon","coordinates":[[[-93.72240395704182,41.489737112785626],[-93.72215877054072,41.48977554941918],[-93.7221681718638,41.490296115579866],[-93.72271657575268,41.49029723921199],[-93.72240395704182,41.489737112785626]]]}},{"type":"Feature","id":"63223030250","properties":{"id":"63223030250","pin":"63223030250","acres":0.516,"address":"2304 Redbud St","number":"2304","street":"Redbud St"},"geometry":{"type":"Polygon","coordinates":[[[-93.72025112620253,41.48913583094016],[-93.7197395872759,41.48927566458295],[-93.72003069837824,41.4896937070789],[-93.72010587290139,41.489702652959885],[-93.7203900684576,41.48962977985193],[-93.72025112620253,41.48913583094016]]]}},{"type":"Feature","id":"63223040010","properties":{"id":"63223040010","pin":"63223040010","acres":0.247,"address":"2001 Bluebell Dr","number":"2001","street":"Bluebell Dr"},"geometry":{"type":"Polygon","coordinates":[[[-93.71982415318838,41.48641248557765],[-93.71982275684502,41.48663193185306],[-93.72031721057864,41.48663272360072],[-93.72031783169942,41.48641327609145],[-93.71982415318838,41.48641248557765]]]}},{"type":"Feature","id":"63223040050","properties":{"id":"63223040050","pin":"63223040050","acres":0.347,"address":"2625 Bluebell Dr","number":"2625","street":"Bluebell Dr"},"geometry":{"type":"Polygon","coordinates":[[[-93.72060042125904,41.485865702800126],[-93.72059887001653,41.48641372465132],[-93.72087990714303,41.48641417343107],[-93.72088136194098,41.48590707970886],[-93.72075145768424,41.48586593781433],[-93.72060042125904,41.485865702800126]]]}},{"type":"Feature","id":"63223040170","properties":{"id":"63223040170","pin":"63223040170","acres":0.273,"address":"1916 Bluebell Drive","number":"1916","street":"Bluebell Drive"},"geometry":{"type":"Polygon","coordinates":[[[-93.71897926015366,41.48578453024486],[-93.71897865884664,41.48599585589715],[-93.71960634666569,41.48599686480202],[-93.71958712794377,41.48593527795101],[-93.71950173502383,41.48583565484017],[-93.71949019762977,41.48578535193717],[-93.71897926015366,41.48578453024486]]]}},{"type":"Feature","id":"63233010040","properties":{"id":"63233010040","pin":"63233010040","acres":0.236,"address":"1704 Timberview Dr","number":"1704","street":"Timberview Dr"},"geometry":{"type":"Polygon","coordinates":[[[-93.72232420953485,41.48387937810701],[-93.72182065182511,41.48388163426671],[-93.72182114033885,41.48408747347024],[-93.72232520732904,41.48408521453189],[-93.72232420953485,41.48387937810701]]]}},{"type":"Feature","id":"63233010250","properties":{"id":"63233010250","pin":"63233010250","acres":0.33,"address":"2108 Serenity Cir","number":"2108","street":"Serenity Cir"},"geometry":{"type":"Polygon","coordinates":[[[-93.72595193859361,41.48775043450002],[-93.72540709090694,41.48801442256922],[-93.72551270448288,41.48822689900139],[-93.72610583482107,41.48791745895962],[-93.72602058595801,41.48782641785981],[-93.72595193859361,41.48775043450002]]]}},{"type":"Feature","id":"63233010290","properties":{"id":"63233010290","pin":"63233010290","acres":0.581,"address":"2124 Serenity Cir","number":"2124","street":"Serenity Cir"},"geometry":{"type":"Polygon","coordinates":[[[-93.72650075312863,41.488492807352664],[-93.72607377089544,41.48878911443572],[-93.72669050658537,41.489274727795596],[-93.72667223876596,41.48854711647085],[-93.72652910394274,41.48851217761435],[-93.72650075312863,41.488492807352664]]]}},{"type":"Feature","id":"63233010360","properties":{"id":"63233010360","pin":"63233010360","acres":0.391,"address":"2103 Serenity Cir","number":"2103","street":"Serenity Cir"},"geometry":{"type":"Polygon","coordinates":[[[-93.72679558526531,41.48719972206791],[-93.72603984077143,41.48753098124954],[-93.72620180030256,41.48772251292239],[-93.72689608871578,41.48735590729749],[-93.72679558526531,41.48719972206791]]]}},{"type":"Feature","id":"63233010370","properties":{"id":"63233010370","pin":"63233010370","acres":0.398,"address":"2017 Serenity Cir","number":"2017","street":"Serenity Cir"},"geometry":{"type":"Polygon","coordinates":[[[-93.72669640303168,41.4870455880273],[-93.72590037424312,41.4873296925289],[-93.72603984077143,41.48753098124954],[-93.72679558526531,41.48719972206791],[-93.72669640303168,41.4870455880273]]]}},{"type":"Feature","id":"63233010530","properties":{"id":"63233010530","pin":"63233010530","acres":0.476,"address":"1803 Serenity Cir","number":"1803","street":"Serenity Cir"},"geometry":{"type":"Polygon","coordinates":[[[-93.72346156890518,41.48450648178525],[-93.72312473406743,41.48450713200196],[-93.72312824645844,41.48479962865195],[-93.72341047230071,41.485123123837695],[-93.72362524462797,41.48505868674222],[-93.72346156890518,41.48450648178525]]]}},{"type":"Feature","id":"63233010570","properties":{"id":"63233010570","pin":"63233010570","acres":0.251,"address":"1803 Timberview Dr","number":"1803","street":"Timberview Dr"},"geometry":{"type":"Polygon","coordinates":[[[-93.72312420972405,41.48439905486052],[-93.72258968357065,41.484400525889995],[-93.72259068220515,41.4846063613842],[-93.72312590822227,41.48460491421537],[-93.72312473406743,41.48450713200196],[-93.72312420972405,41.48439905486052]]]}},{"type":"Feature","id":"63233010580","properties":{"id":"63233010580","pin":"63233010580","acres":0.251,"address":"1709 Timberview Dr","number":"1709","street":"Timberview Dr"},"geometry":{"type":"Polygon","coordinates":[[[-93.72312320941067,41.48419321845939],[-93.72258868493941,41.48419468948432],[-93.72258968357065,41.484400525889995],[-93.72312420972405,41.48439905486052],[-93.72312320941067,41.48419321845939]]]}},{"type":"Feature","id":"63233010600","properties":{"id":"63233010600","pin":"63233010600","acres":0.349,"address":"1609 Timberview Dr","number":"1609","street":"Timberview Dr"},"geometry":{"type":"Polygon","coordinates":[[[-93.72257222703945,41.483463994596946],[-93.72257471162239,41.483690248951405],[-93.7226191770914,41.483737632958565],[-93.7231210485673,41.48374861284011],[-93.72311967385211,41.48346565740688],[-93.72257222703945,41.483463994596946]]]}},{"type":"Feature","id":"63233020040","properties":{"id":"63233020040","pin":"63233020040","acres":0.361,"address":"2905 Partlow St","number":"2905","street":"Partlow St"},"geometry":{"type":"Polygon","coordinates":[[[-93.72418353623254,41.483909018843164],[-93.7239169345028,41.483909801759765],[-93.7239198350735,41.48450559558576],[-93.72418492181941,41.48450508212966],[-93.72418353623254,41.483909018843164]]]}},{"type":"Feature","id":"63233020050","properties":{"id":"63233020050","pin":"63233020050","acres":0.36,"address":"2909 Partlow St","number":"2909","street":"Partlow St"},"geometry":{"type":"Polygon","coordinates":[[[-93.72444854660839,41.48390824020081],[-93.72418353623254,41.483909018843164],[-93.72418492181941,41.48450508212966],[-93.72444994390065,41.484504568191504],[-93.72444854660839,41.48390824020081]]]}},{"type":"Feature","id":"63233020100","properties":{"id":"63233020100","pin":"63233020100","acres":0.789,"address":"1708 Peaceful Cir","number":"1708","street":"Peaceful Cir"},"geometry":{"type":"Polygon","coordinates":[[[-93.72599220578734,41.48390369218618],[-93.72568060092154,41.48390461210399],[-93.72568651322689,41.48510937265584],[-93.72591205724109,41.4852780945343],[-93.7259106290642,41.48469159666858],[-93.72599345410362,41.484415746884046],[-93.72599220578734,41.48390369218618]]]}},{"type":"Feature","id":"63233020120","properties":{"id":"63233020120","pin":"63233020120","acres":0.283,"address":"1706 Peaceful Cir","number":"1706","street":"Peaceful Cir"},"geometry":{"type":"Polygon","coordinates":[[[-93.72656012336192,41.4841949145581],[-93.72599291925266,41.48419648512595],[-93.72599345410362,41.484415746884046],[-93.72655374264805,41.484414191662964],[-93.72656101553727,41.48437539695917],[-93.72656012336192,41.4841949145581]]]}},{"type":"Feature","id":"63233020170","properties":{"id":"63233020170","pin":"63233020170","acres":0.263,"address":"1709 Peaceful Cir","number":"1709","street":"Peaceful Cir"},"geometry":{"type":"Polygon","coordinates":[[[-93.72678775397102,41.48441451286939],[-93.72688697762703,41.48453887155387],[-93.7268930997455,41.484623005277896],[-93.72735499410386,41.48467906472031],[-93.72735407867651,41.48441570264411],[-93.72678775397102,41.48441451286939]]]}},{"type":"Feature","id":"63233020280","properties":{"id":"63233020280","pin":"63233020280","acres":0.415,"address":"2916 Partlow St","number":"2916","street":"Partlow St"},"geometry":{"type":"Polygon","coordinates":[[[-93.72470855579938,41.48318748429742],[-93.7247110999089,41.48374365295834],[-93.72503922140291,41.4837428178731],[-93.72503657669769,41.48318884825111],[-93.72470855579938,41.48318748429742]]]}},{"type":"Feature","id":"63233030010","properties":{"id":"63233030010","pin":"63233030010","acres":0.413,"address":"1828 Timberview Dr","number":"1828","street":"Timberview Dr"},"geometry":{"type":"Polygon","coordinates":[[[-93.72267366915804,41.48563741813895],[-93.72182577706315,41.48604079199266],[-93.72236551683696,41.48607021891084],[-93.7228236634604,41.485797984082424],[-93.7227134989917,41.485683947503475],[-93.72267366915804,41.48563741813895]]]}},{"type":"Feature","id":"63233030030","properties":{"id":"63233030030","pin":"63233030030","acres":0.244,"address":"1901 Timberview Dr","number":"1901","street":"Timberview Dr"},"geometry":{"type":"Polygon","coordinates":[[[-93.723555692573,41.485516882285374],[-93.72316798931534,41.48580233837689],[-93.72335557216562,41.48594400409967],[-93.7237365880977,41.48565796244183],[-93.723555692573,41.485516882285374]]]}},{"type":"Feature","id":"63233030060","properties":{"id":"63233030060","pin":"63233030060","acres":0.25,"address":"1909 Timberview Dr","number":"1909","street":"Timberview Dr"},"geometry":{"type":"Polygon","coordinates":[[[-93.72412054201831,41.48600421448855],[-93.72366381427692,41.48622869402103],[-93.7237888106639,41.48638927911368],[-93.7242647255541,41.486192277112806],[-93.7241475986083,41.48603255699219],[-93.72412054201831,41.48600421448855]]]}},{"type":"Feature","id":"63233030150","properties":{"id":"63233030150","pin":"63233030150","acres":0.314,"address":"2801 Blooming Heights Dr","number":"2801","street":"Blooming Heights Dr"},"geometry":{"type":"Polygon","coordinates":[[[-93.72272782631859,41.4874892661529],[-93.72242677113468,41.48750081259341],[-93.7224328983851,41.487925385595624],[-93.72277899142466,41.487910549605],[-93.72272782631859,41.4874892661529]]]}},{"type":"Feature","id":"63233030230","properties":{"id":"63233030230","pin":"63233030230","acres":0.433,"address":"1922 Timberview Dr","number":"1922","street":"Timberview Dr"},"geometry":{"type":"Polygon","coordinates":[[[-93.72378601718235,41.486782368051266],[-93.7232149148833,41.48701916597907],[-93.72329540588449,41.48724696416491],[-93.72389515003051,41.48708229214036],[-93.72394305731565,41.48704136870778],[-93.72393615367913,41.4869870963142],[-93.72378601718235,41.486782368051266]]]}},{"type":"Feature","id":"63233034000","properties":{"id":"63233034000","pin":"63233034000","acres":2.622,"address":"1900 Timberview Drive","number":"1900","street":"Timberview Drive"},"geometry":{"type":"Polygon","coordinates":[[[-93.7228236634604,41.485797984082424],[-93.72236551683696,41.48607021891084],[-93.72182577706315,41.48604079199266],[-93.7218277736383,41.48688158493624],[-93.72239886450656,41.48688048658266],[-93.72349847315871,41.48639170161648],[-93.72330016750468,41.486181531737095],[-93.72282368508488,41.48579800475059],[-93.7228236634604,41.485797984082424]]]}},{"type":"Feature","id":"63233040280","properties":{"id":"63233040280","pin":"63233040280","acres":0.331,"address":"2104 Timberview Dr","number":"2104","street":"Timberview Dr"},"geometry":{"type":"Polygon","coordinates":[[[-93.72427595612331,41.487454247796336],[-93.72371412413011,41.48765460435563],[-93.72378112416163,41.48780849523196],[-93.72439162616824,41.48774484919807],[-93.72430343521454,41.487500841059536],[-93.72427595612331,41.487454247796336]]]}},{"type":"Feature","id":"63400100864","properties":{"id":"63400100864","pin":"63400100864","acres":3.06,"address":"Timberview Dr","number":"","street":"Timberview Dr"},"geometry":{"type":"Polygon","coordinates":[[[-93.72121631182728,41.48297236061297],[-93.7212215828272,41.48520390200163],[-93.72182379348845,41.485205229413936],[-93.72181829262786,41.48297481488847],[-93.72121631182728,41.48297236061297]]]}}]}